date,total_spend_gbp,paid_search_spend_gbp,paid_social_spend_gbp,email_spend_gbp,affiliates_spend_gbp,organic_spend_gbp
2024-01-01,1995.69,672.55,461.0,217.53,151.67,492.94
2024-01-02,2477.17,857.1,658.93,247.72,180.83,532.59
2024-01-03,1787.0,584.35,423.52,200.14,126.88,452.11
2024-01-04,1674.58,584.43,416.97,157.41,123.92,391.85
2024-01-05,2051.51,672.9,484.16,235.92,160.02,498.52
2024-01-06,2221.64,742.03,533.19,208.83,142.18,595.4
2024-01-07,2412.57,784.09,581.43,250.91,176.12,620.03
2024-01-08,1541.65,494.87,348.41,157.25,126.42,414.7
2024-01-09,1131.72,384.78,269.35,112.04,81.48,284.06
2024-01-10,2346.43,783.71,542.03,234.64,187.71,598.34
2024-01-11,1644.96,516.52,424.4,169.43,115.15,419.46
2024-01-12,1810.5,582.98,412.79,206.4,105.01,503.32
2024-01-13,1421.79,474.88,322.75,167.77,119.43,336.96
2024-01-14,2543.94,819.15,559.67,279.83,190.8,694.5
2024-01-15,2146.62,714.82,571.0,201.78,150.26,508.75
2024-01-16,2132.57,737.87,477.7,223.92,130.09,563.0
2024-01-17,2130.21,743.44,511.25,215.15,155.51,504.86
2024-01-18,1302.94,423.46,316.61,123.78,100.33,338.76
2024-01-19,1679.19,544.06,460.1,156.16,114.18,404.68
2024-01-20,2027.82,604.29,496.82,206.84,143.98,575.9
2024-01-21,1923.86,671.43,486.74,167.38,148.14,450.18
2024-01-22,1928.97,684.78,466.81,190.97,123.45,462.95
2024-01-23,2110.17,736.45,554.97,194.14,132.94,491.67
2024-01-24,2376.25,857.83,548.91,220.99,171.09,577.43
2024-01-25,1505.93,527.08,370.46,158.12,99.39,350.88
2024-01-26,2020.91,697.21,519.37,187.94,131.36,485.02
2024-01-27,2434.96,825.45,633.09,245.93,172.88,557.61
2024-01-28,1862.49,661.18,443.27,178.8,137.82,441.41
2024-01-29,1956.51,688.69,483.26,197.61,144.78,442.17
2024-01-30,2187.29,772.11,433.08,273.41,166.23,542.45
2024-01-31,2027.92,711.8,466.42,204.82,158.18,486.7
2024-02-01,2435.97,850.15,548.09,270.39,180.26,587.07
2024-02-02,2233.14,783.83,500.22,245.65,142.92,560.52
2024-02-03,2266.85,834.2,541.78,192.68,126.94,571.25
2024-02-04,1965.55,668.29,459.94,190.66,141.52,505.15
2024-02-05,2286.51,788.85,544.19,256.09,171.49,525.9
2024-02-06,2234.99,748.72,549.81,178.8,185.5,572.16
2024-02-07,1852.51,639.12,511.29,174.14,148.2,379.76
2024-02-08,2403.72,877.36,562.47,237.97,151.43,574.49
2024-02-09,2643.77,917.39,610.71,245.87,179.78,690.02
2024-02-10,2144.97,697.12,531.95,255.25,143.71,516.94
2024-02-11,2121.33,700.04,496.39,222.74,146.37,555.79
2024-02-12,1932.55,601.02,481.2,173.93,137.21,539.18
2024-02-13,1612.47,515.99,386.99,153.18,124.16,432.14
2024-02-14,2901.57,922.7,684.77,284.35,206.01,803.73
2024-02-15,2042.89,682.33,496.42,202.25,147.09,514.81
2024-02-16,1899.54,653.44,431.2,167.16,150.06,497.68
2024-02-17,1981.63,705.46,424.07,227.89,144.66,479.55
2024-02-18,2240.21,761.67,546.61,217.3,188.18,526.45
2024-02-19,1956.68,665.27,502.87,187.84,138.92,461.78
2024-02-20,2703.33,946.17,640.69,278.44,167.61,670.43
2024-02-21,1762.94,583.53,389.61,195.69,135.75,458.36
2024-02-22,1661.51,544.98,372.18,161.17,127.94,455.25
2024-02-23,2393.12,808.87,576.74,265.64,155.55,586.31
2024-02-24,2338.48,788.07,514.47,268.93,189.42,577.6
2024-02-25,2297.97,767.52,567.6,238.99,137.88,585.98
2024-02-26,2395.87,828.97,565.43,210.84,150.94,639.7
2024-02-27,2247.85,730.55,532.74,222.54,195.56,566.46
2024-02-28,2183.61,783.92,504.41,200.89,172.51,521.88
2024-02-29,1708.02,580.73,411.63,186.17,114.44,415.05
2024-03-01,1616.17,538.18,392.73,174.55,116.36,394.35
2024-03-02,2130.85,735.14,470.92,206.69,134.24,583.85
2024-03-03,1996.47,648.85,519.08,205.64,137.76,485.14
2024-03-04,2294.22,763.98,552.91,231.72,153.71,591.91
2024-03-05,1570.45,557.51,365.91,138.2,108.36,400.46
2024-03-06,2043.49,698.87,478.18,171.65,167.57,527.22
2024-03-07,2139.42,748.8,487.79,188.27,173.29,541.27
2024-03-08,2186.12,714.86,507.18,231.73,146.47,585.88
2024-03-09,2515.64,805.0,616.33,221.38,173.58,699.35
2024-03-10,2261.71,771.24,524.72,223.91,178.68,563.17
2024-03-11,1966.38,696.1,468.0,151.41,133.71,517.16
2024-03-12,2635.57,864.47,598.27,284.64,160.77,727.42
2024-03-13,2087.99,672.33,505.29,219.24,148.25,542.88
2024-03-14,2696.7,900.7,687.66,242.7,194.16,671.48
2024-03-15,2086.21,663.41,559.1,202.36,154.38,506.95
2024-03-16,2370.31,746.65,566.5,222.81,177.77,656.58
2024-03-17,2327.44,816.93,539.97,237.4,153.61,579.53
2024-03-18,2280.93,775.52,526.89,239.5,182.47,556.55
2024-03-19,2053.05,749.36,494.79,234.05,102.65,472.2
2024-03-20,2233.65,750.51,529.38,196.56,142.95,614.25
2024-03-21,2735.78,845.36,653.85,320.09,207.92,708.57
2024-03-22,2567.1,844.58,587.87,290.08,156.59,687.98
2024-03-23,2745.51,947.2,653.43,266.31,175.71,702.85
2024-03-24,1906.32,676.74,486.11,175.38,135.35,432.73
2024-03-25,1786.96,577.19,478.91,180.48,130.45,419.94
2024-03-26,2276.21,783.02,569.05,223.07,159.33,541.74
2024-03-27,2469.76,881.7,582.86,234.63,195.11,575.45
2024-03-28,2018.3,668.06,480.36,213.94,151.37,504.58
2024-03-29,1955.85,608.27,477.23,211.23,158.42,500.7
2024-03-30,2863.85,907.84,710.23,300.7,214.79,730.28
2024-03-31,2616.06,850.22,648.78,272.07,209.28,635.7
2024-04-01,2570.3,866.19,604.02,244.18,185.06,670.85
2024-04-02,2045.49,666.83,537.96,182.05,149.32,509.33
2024-04-03,2017.99,665.94,520.64,193.73,133.19,504.5
2024-04-04,2532.11,891.3,541.87,260.81,184.84,653.28
2024-04-05,2108.05,701.98,480.64,208.7,137.02,579.71
2024-04-06,2162.2,726.5,581.63,220.54,131.89,501.63
2024-04-07,2056.38,717.68,536.72,199.47,146.0,456.52
2024-04-08,2021.05,689.18,474.95,198.06,123.28,535.58
2024-04-09,2506.28,842.11,606.52,268.17,187.97,601.51
2024-04-10,1671.62,586.74,377.79,175.52,117.01,414.56
2024-04-11,2420.17,834.96,571.16,232.34,183.93,597.78
2024-04-12,1952.12,726.19,441.18,177.64,126.89,480.22
2024-04-13,2302.39,780.51,495.01,246.36,135.84,644.67
2024-04-14,2324.81,809.03,604.45,211.56,153.44,546.33
2024-04-15,2122.74,702.63,507.33,184.68,184.68,543.42
2024-04-16,2099.51,686.54,556.37,186.86,136.47,533.28
2024-04-17,2044.48,713.52,470.23,224.89,145.16,490.68
2024-04-18,2000.0,698.0,486.0,174.0,150.0,492.0
2024-04-19,2661.92,825.2,700.08,276.84,226.26,633.54
2024-04-20,2384.77,789.36,581.88,236.09,183.63,593.81
2024-04-21,2331.92,764.87,582.98,254.18,142.25,587.64
2024-04-22,1974.37,677.21,489.64,205.33,124.39,477.8
2024-04-23,2057.22,697.4,466.99,220.12,131.66,541.05
2024-04-24,1975.59,675.65,493.9,171.88,144.22,489.95
2024-04-25,2467.87,895.84,570.08,251.72,135.73,614.5
2024-04-26,1936.24,625.41,480.19,176.2,160.71,493.74
2024-04-27,1589.81,561.2,346.58,162.16,109.7,410.17
2024-04-28,2396.41,747.68,601.5,266.0,177.33,603.9
2024-04-29,2102.21,691.63,550.78,222.83,142.95,494.02
2024-04-30,1994.97,694.25,452.86,191.52,139.65,516.7
2024-05-01,2519.04,851.44,614.65,206.56,148.62,697.77
2024-05-02,1243.27,418.98,308.33,136.76,92.0,287.2
2024-05-03,2751.69,927.32,605.37,291.68,236.65,690.67
2024-05-04,2745.14,955.31,598.44,304.71,205.89,680.79
2024-05-05,2156.18,718.01,502.39,206.99,172.49,556.29
2024-05-06,2042.23,716.82,461.54,189.93,175.63,498.3
2024-05-07,2376.54,810.4,613.15,268.55,140.22,544.23
2024-05-08,2385.93,799.29,551.15,245.75,190.87,598.87
2024-05-09,1978.14,646.85,486.62,211.66,124.62,508.38
2024-05-10,1634.13,555.6,379.12,183.02,101.32,415.07
2024-05-11,3115.79,1071.83,685.47,358.32,196.29,803.87
2024-05-12,2710.64,956.86,620.74,279.2,195.17,658.69
2024-05-13,2254.9,746.37,511.86,261.57,148.82,586.27
2024-05-14,2261.52,741.78,535.98,230.68,167.35,585.73
2024-05-15,2417.46,831.61,531.84,285.26,183.73,585.03
2024-05-16,2459.37,794.38,570.57,268.07,186.91,639.44
2024-05-17,1469.77,517.36,330.7,149.92,110.23,361.56
2024-05-18,2253.19,777.35,527.25,211.8,146.46,590.34
2024-05-19,2216.81,735.98,514.3,237.2,164.04,565.29
2024-05-20,2143.5,726.65,525.16,212.21,128.61,550.88
2024-05-21,2469.78,834.79,582.87,237.1,167.95,647.08
2024-05-22,1573.47,517.67,358.75,151.05,129.02,416.97
2024-05-23,1727.8,585.72,431.95,177.96,131.31,400.85
2024-05-24,1961.39,666.87,457.0,221.64,137.3,478.58
2024-05-25,2430.02,750.88,609.94,281.88,174.96,612.37
2024-05-26,2667.24,872.19,602.8,261.39,197.38,733.49
2024-05-27,2770.96,950.44,725.99,243.84,232.76,617.92
2024-05-28,2099.78,699.23,520.75,172.18,191.08,516.55
2024-05-29,2490.67,809.47,592.78,241.59,164.38,682.44
2024-05-30,2448.56,793.33,582.76,288.93,186.09,597.45
2024-05-31,2389.58,829.18,580.67,227.01,140.99,611.73
2024-06-01,2367.5,845.2,572.93,189.4,170.46,589.51
2024-06-02,2236.16,753.59,554.57,221.38,169.95,536.68
2024-06-03,1827.11,586.5,467.74,179.06,124.24,469.57
2024-06-04,1803.94,627.77,404.08,194.83,155.14,422.12
2024-06-05,2321.48,752.16,557.16,241.43,164.83,605.91
2024-06-06,2180.95,774.24,484.17,229.0,135.22,558.32
2024-06-07,2054.57,655.41,513.64,230.11,147.93,507.48
2024-06-08,2608.68,819.13,600.0,276.52,211.3,701.73
2024-06-09,2305.83,795.51,571.85,244.42,142.96,551.09
2024-06-10,1880.39,684.46,419.33,195.56,94.02,487.02
2024-06-11,2106.73,701.54,518.26,229.63,143.26,514.04
2024-06-12,2487.22,880.48,572.06,243.75,179.08,611.86
2024-06-13,1841.77,635.41,421.77,160.23,145.5,478.86
2024-06-14,2273.25,731.99,561.49,259.15,161.4,559.22
2024-06-15,2356.6,787.1,542.02,230.95,181.46,615.07
2024-06-16,2109.72,656.12,535.87,240.51,160.34,516.88
2024-06-17,2097.33,662.76,511.75,232.8,161.49,528.53
2024-06-18,1649.91,626.97,366.28,160.04,110.54,386.08
2024-06-19,2238.37,714.04,555.12,235.03,143.26,590.93
2024-06-20,1722.34,559.76,409.92,173.96,127.45,451.25
2024-06-21,2575.35,847.29,636.11,262.69,180.27,648.99
2024-06-22,2343.81,768.77,529.7,302.35,173.44,569.55
2024-06-23,2175.87,711.51,574.43,165.37,141.43,583.13
2024-06-24,2606.2,893.93,625.49,263.23,185.04,638.52
2024-06-25,1838.85,604.98,400.87,198.6,110.33,524.07
2024-06-26,1938.31,693.91,459.38,205.46,133.74,445.81
2024-06-27,1559.76,545.92,361.86,176.25,106.06,369.66
2024-06-28,2658.33,906.49,608.76,244.57,180.77,717.75
2024-06-29,3031.5,1012.52,733.62,294.06,209.17,782.13
2024-06-30,1790.24,588.99,458.3,202.3,107.41,433.24
2024-07-01,1914.48,647.09,425.01,223.99,135.93,482.45
2024-07-02,2224.43,740.74,540.54,204.65,153.49,585.03
2024-07-03,2019.51,684.61,498.82,183.78,159.54,492.76
2024-07-04,2189.04,766.16,540.69,179.5,140.1,562.58
2024-07-05,2158.84,755.59,438.24,213.73,170.55,580.73
2024-07-06,2518.64,848.78,591.88,254.38,193.94,629.66
2024-07-07,2039.66,687.37,473.2,201.93,124.42,552.75
2024-07-08,2267.43,793.6,503.37,233.55,145.12,591.8
2024-07-09,1809.36,638.7,385.39,193.6,153.8,437.87
2024-07-10,2055.85,643.48,489.29,195.31,168.58,559.19
2024-07-11,1592.14,546.1,353.46,167.17,98.71,426.69
2024-07-12,2058.41,745.14,421.97,212.02,129.68,549.6
2024-07-13,2175.54,746.21,467.74,239.31,141.41,580.87
2024-07-14,2706.25,871.41,676.56,286.86,205.68,665.74
2024-07-15,2179.26,699.54,536.1,224.46,159.09,560.07
2024-07-16,2242.88,816.41,536.05,224.29,150.27,515.86
2024-07-17,2192.14,659.83,556.8,258.67,170.99,545.84
2024-07-18,1454.81,485.91,402.98,114.93,94.56,356.43
2024-07-19,1501.07,531.38,375.27,132.09,111.08,351.25
2024-07-20,2264.46,749.54,554.79,249.09,158.51,552.53
2024-07-21,2473.5,811.31,598.59,249.82,160.78,653.0
2024-07-22,2117.8,734.88,493.45,218.13,165.19,506.15
2024-07-23,1897.58,692.62,432.65,155.6,134.73,481.99
2024-07-24,2115.89,674.97,545.9,222.17,162.92,509.93
2024-07-25,2085.52,656.94,488.01,210.64,131.39,598.54
2024-07-26,2472.65,801.14,610.74,222.54,202.76,635.47
2024-07-27,2629.06,933.32,646.75,244.5,191.92,612.57
2024-07-28,2182.3,763.8,508.48,192.04,168.04,549.94
2024-07-29,2182.53,733.33,501.98,240.08,170.24,536.9
2024-07-30,2296.67,748.71,564.98,220.48,179.14,583.35
2024-07-31,2348.63,775.05,636.48,223.12,155.01,558.97
2024-08-01,2778.41,944.66,652.93,302.85,186.15,691.82
2024-08-02,2190.15,779.69,486.21,245.3,162.07,516.88
2024-08-03,2785.06,977.56,724.12,272.94,172.67,637.78
2024-08-04,1969.97,636.3,531.89,185.18,141.84,474.76
2024-08-05,1976.81,634.56,488.27,203.61,128.49,521.88
2024-08-06,1452.46,508.36,342.78,158.32,110.39,332.61
2024-08-07,2252.96,784.03,540.71,216.28,164.47,547.47
2024-08-08,2426.63,827.48,570.26,211.12,165.01,652.76
2024-08-09,1305.62,421.72,318.57,129.26,83.56,352.52
2024-08-10,2441.9,832.69,627.57,227.1,175.82,578.73
2024-08-11,2587.47,934.08,522.67,300.15,163.01,667.57
2024-08-12,2391.53,796.38,566.79,258.29,188.93,581.14
2024-08-13,1781.45,614.6,436.46,169.24,126.48,434.67
2024-08-14,2470.59,822.71,605.29,256.94,153.18,632.47
2024-08-15,2203.26,724.87,608.1,224.73,147.62,497.94
2024-08-16,2406.86,722.06,637.82,257.53,173.29,616.16
2024-08-17,2331.95,806.85,578.32,230.86,130.59,585.32
2024-08-18,2509.36,795.47,652.43,263.48,185.69,612.28
2024-08-19,2588.23,833.41,672.94,261.41,178.59,641.88
2024-08-20,2128.59,679.02,536.4,185.19,138.36,589.62
2024-08-21,2299.44,814.0,517.37,211.55,179.36,577.16
2024-08-22,2637.42,894.09,683.09,250.55,174.07,635.62
2024-08-23,2153.37,740.76,484.51,206.72,120.59,600.79
2024-08-24,1982.11,681.85,493.55,192.26,132.8,481.65
2024-08-25,2612.62,924.87,629.64,224.69,167.21,666.22
2024-08-26,2702.21,897.13,670.15,248.6,218.88,667.45
2024-08-27,2651.07,911.97,638.91,302.22,198.83,599.14
2024-08-28,2450.25,784.08,575.81,284.23,181.32,624.81
2024-08-29,1379.54,466.28,322.81,153.13,113.12,324.19
2024-08-30,1977.46,690.13,448.88,205.66,134.47,498.32
2024-08-31,2171.39,786.04,492.91,223.65,128.11,540.68
2024-09-01,2391.7,825.14,547.7,284.61,150.68,583.57
2024-09-02,2790.89,948.9,594.46,307.0,195.36,745.17
2024-09-03,1821.81,615.77,431.77,151.21,158.5,464.56
2024-09-04,2984.77,934.23,743.21,319.37,223.86,764.1
2024-09-05,2066.19,750.03,481.42,177.69,126.04,531.01
2024-09-06,1931.58,681.85,455.85,173.84,125.55,494.48
2024-09-07,2671.82,916.43,643.91,253.82,216.42,641.24
2024-09-08,2699.51,942.13,642.48,269.95,161.97,682.98
2024-09-09,2427.48,830.2,599.59,252.46,155.36,589.88
2024-09-10,1930.69,671.88,482.67,187.28,135.15,453.71
2024-09-11,2375.71,905.15,522.66,232.82,190.06,525.03
2024-09-12,1838.25,625.0,435.67,181.99,113.97,481.62
2024-09-13,1920.96,655.05,476.4,176.73,132.55,480.24
2024-09-14,2342.8,829.35,543.53,213.19,128.85,627.87
2024-09-15,2089.01,716.53,501.36,204.72,144.14,522.25
2024-09-16,2568.46,827.04,639.55,228.59,177.22,696.05
2024-09-17,1997.64,701.17,517.39,155.82,133.84,489.42
2024-09-18,2122.84,723.89,505.24,227.14,176.2,490.38
2024-09-19,1891.93,686.77,446.5,191.08,141.89,425.68
2024-09-20,2563.16,835.59,622.85,284.51,207.62,612.6
2024-09-21,2142.86,694.29,516.43,248.57,130.71,552.86
2024-09-22,2775.7,1007.58,635.64,266.47,205.4,660.62
2024-09-23,2573.99,805.66,653.79,283.14,167.31,664.09
2024-09-24,2043.92,721.5,498.72,181.91,153.29,488.5
2024-09-25,2210.38,758.16,523.86,216.62,152.52,559.23
2024-09-26,2034.2,726.21,498.38,168.84,162.74,478.04
2024-09-27,2391.0,765.12,612.1,231.93,200.84,581.01
2024-09-28,2307.94,803.16,496.21,270.03,152.32,586.22
2024-09-29,2229.88,702.41,555.24,209.61,178.39,584.23
2024-09-30,2216.16,780.09,529.66,232.7,152.92,520.8
2024-10-01,1866.22,645.71,518.81,151.16,132.5,418.03
2024-10-02,2393.45,825.74,593.58,224.98,177.12,572.03
2024-10-03,2647.36,918.63,643.31,304.45,166.78,614.19
2024-10-04,2468.32,812.08,594.87,244.36,157.97,659.04
2024-10-05,2946.68,984.19,763.19,306.45,191.53,701.31
2024-10-06,2481.55,836.28,610.46,245.67,171.23,617.91
2024-10-07,2259.25,668.74,639.37,230.44,135.56,585.15
2024-10-08,2028.94,691.87,440.28,198.84,142.03,555.93
2024-10-09,2277.99,692.51,592.28,250.58,157.18,585.44
2024-10-10,3108.06,1131.33,702.42,323.24,198.92,752.15
2024-10-11,2516.44,903.4,583.81,264.23,183.7,581.3
2024-10-12,2408.66,845.44,563.63,252.91,185.47,561.22
2024-10-13,2261.45,734.97,545.01,232.93,178.65,569.89
2024-10-14,1860.51,617.69,453.96,163.72,124.65,500.48
2024-10-15,2129.36,719.72,540.86,215.07,168.22,485.49
2024-10-16,2685.72,880.92,639.2,260.51,182.63,722.46
2024-10-17,2270.54,760.63,531.31,258.84,127.15,592.61
2024-10-18,2084.64,725.45,483.64,235.56,148.01,491.98
2024-10-19,2316.74,796.96,588.45,231.67,136.69,562.97
2024-10-20,2840.92,906.25,713.07,292.61,213.07,715.91
2024-10-21,2391.56,796.39,559.63,248.72,167.41,619.41
2024-10-22,2200.48,704.15,545.72,213.45,162.84,574.33
2024-10-23,2312.06,832.34,527.15,247.39,131.79,573.39
2024-10-24,3192.06,1018.27,782.05,354.32,207.48,829.94
2024-10-25,2846.87,1010.64,640.55,284.69,204.97,706.02
2024-10-26,3127.62,1107.18,788.16,275.23,190.78,766.27
2024-10-27,2000.36,722.13,478.09,192.03,94.02,514.09
2024-10-28,2367.11,788.25,523.13,220.14,198.84,636.75
2024-10-29,2194.32,719.74,574.91,215.04,171.16,513.47
2024-10-30,2610.34,835.31,686.52,227.1,208.83,652.58
2024-10-31,2790.93,962.87,692.15,265.14,226.07,644.7
2024-11-01,3084.25,1150.43,684.7,308.42,212.81,727.88
2024-11-02,2902.24,922.91,655.91,272.81,243.79,806.82
2024-11-03,2976.25,1080.38,595.25,330.36,235.12,735.13
2024-11-04,3187.2,1035.84,742.62,341.03,235.85,831.86
2024-11-05,3222.03,1027.83,824.84,354.42,202.99,811.95
2024-11-06,3019.33,954.11,797.1,329.11,226.45,712.56
2024-11-07,3015.43,1106.66,720.69,274.4,180.93,732.75
2024-11-08,2987.54,1078.5,714.02,286.8,215.1,693.11
2024-11-09,3301.78,1129.21,762.71,316.97,231.12,861.76
2024-11-10,3458.19,1234.57,833.42,307.78,235.16,847.26
2024-11-11,3190.56,1001.84,804.02,350.96,197.81,835.93
2024-11-12,2978.25,959.0,723.71,327.61,184.65,783.28
2024-11-13,2952.83,1006.92,702.77,277.57,233.27,732.3
2024-11-14,2939.45,996.47,764.26,252.79,199.88,726.04
2024-11-15,2696.88,852.21,644.55,307.44,215.75,676.92
2024-11-16,2930.04,963.98,685.63,301.79,213.89,764.74
2024-11-17,3397.98,1243.66,774.74,282.03,271.84,825.71
2024-11-18,2720.5,957.62,699.17,247.57,163.23,652.92
2024-11-19,3254.88,1119.68,774.66,296.19,240.86,823.48
2024-11-20,2952.03,1098.16,714.39,283.39,194.83,661.25
2024-11-21,3256.86,1068.25,820.73,351.74,198.67,817.47
2024-11-22,3192.94,993.0,814.2,373.57,201.16,811.01
2024-11-23,3502.63,1110.33,826.62,392.29,276.71,896.67
2024-11-24,3040.87,1036.94,672.03,288.88,231.11,811.91
2024-11-25,3113.11,1086.48,731.58,289.52,189.9,815.63
2024-11-26,3228.26,1078.24,742.5,384.16,184.01,839.35
2024-11-27,2427.04,796.07,587.34,245.13,194.16,604.33
2024-11-28,3565.59,1058.98,919.92,360.12,270.98,955.58
2024-11-29,3763.08,1328.37,940.77,387.6,214.5,891.85
2024-11-30,3539.15,1206.85,916.64,371.61,215.89,828.16
2024-12-01,3489.66,1148.1,875.9,348.97,244.28,872.42
2024-12-02,3176.07,1095.74,743.2,333.49,225.5,778.14
2024-12-03,2856.8,968.46,699.92,259.97,165.69,762.77
2024-12-04,2931.44,1008.42,671.3,304.87,187.61,759.24
2024-12-05,3307.54,1114.64,840.12,340.68,205.07,807.04
2024-12-06,2629.37,880.84,720.45,257.68,139.36,631.05
2024-12-07,2836.35,887.78,731.78,258.11,167.34,791.34
2024-12-08,3068.53,1086.26,779.41,303.78,190.25,708.83
2024-12-09,3199.69,1065.5,732.73,380.76,233.58,787.12
2024-12-10,2666.92,946.76,608.06,250.69,194.69,666.73
2024-12-11,2891.1,936.72,722.78,283.33,213.94,734.34
2024-12-12,2932.66,935.52,689.18,305.0,190.62,812.35
2024-12-13,2615.85,910.32,630.42,230.19,193.57,651.35
2024-12-14,2353.68,823.79,569.59,225.95,188.29,546.05
2024-12-15,2848.32,991.22,646.57,290.53,159.51,760.5
2024-12-16,3061.31,1034.72,694.92,275.52,275.52,780.63
2024-12-17,3140.15,1124.17,756.78,298.31,210.39,750.5
2024-12-18,3143.03,1071.77,741.76,367.73,194.87,766.9
2024-12-19,3183.35,1066.42,789.47,324.7,191.0,811.75
2024-12-20,2750.76,929.76,657.43,286.08,200.81,676.69
2024-12-21,2913.39,961.42,740.0,285.51,183.54,742.91
2024-12-22,3338.87,1025.03,881.46,313.85,247.08,871.45
2024-12-23,2895.89,839.81,692.12,318.55,211.4,834.02
2024-12-24,3287.48,999.39,769.27,289.3,292.59,936.93
2024-12-25,3103.48,1039.67,803.8,266.9,223.45,769.66
2024-12-26,3419.34,1183.09,789.87,348.77,229.1,868.51
2024-12-27,2807.06,898.26,682.12,300.36,241.41,684.92
2024-12-28,3581.24,1174.65,873.82,365.29,239.94,927.54
2024-12-29,3919.74,1277.84,1011.29,462.53,258.7,909.38
2024-12-30,2988.81,929.52,756.17,298.88,230.14,774.1
2024-12-31,3144.76,1066.07,757.89,305.04,220.13,795.62
2025-01-01,1698.32,602.9,387.22,178.32,118.88,410.99
2025-01-02,2336.92,775.86,591.24,231.36,154.24,584.23
2025-01-03,2419.17,803.16,607.21,232.24,166.92,609.63
2025-01-04,2012.86,654.18,485.1,183.17,150.96,539.45
2025-01-05,2391.08,817.75,600.16,208.02,188.9,576.25
2025-01-06,2122.17,713.05,494.47,195.24,148.55,570.86
2025-01-07,2160.77,805.97,468.89,168.54,157.74,559.64
2025-01-08,2308.21,685.54,609.37,228.51,193.89,590.9
2025-01-09,2205.61,760.94,518.32,224.97,154.39,546.99
2025-01-10,1975.35,669.64,434.58,203.46,165.93,501.74
2025-01-11,2477.57,834.94,552.5,262.62,148.65,678.85
2025-01-12,2575.07,893.55,569.09,280.68,180.25,651.49
2025-01-13,1830.03,627.7,452.02,159.21,131.76,459.34
2025-01-14,2023.37,716.27,469.42,188.17,149.73,499.77
2025-01-15,1404.96,453.8,341.41,136.28,98.35,375.12
2025-01-16,2228.26,813.31,516.96,220.6,162.66,514.73
2025-01-17,2452.09,841.07,590.95,232.95,181.45,605.67
2025-01-18,2095.87,706.31,473.67,234.74,176.05,505.1
2025-01-19,2232.62,703.28,589.41,194.24,140.66,605.04
2025-01-20,1946.93,685.32,469.21,192.75,151.86,447.79
2025-01-21,1889.64,629.25,462.96,200.3,153.06,444.07
2025-01-22,2105.26,652.63,503.16,216.84,141.05,591.58
2025-01-23,1749.52,600.09,453.13,164.45,103.22,428.63
2025-01-24,1941.65,623.27,469.88,215.52,126.21,506.77
2025-01-25,1869.33,644.92,429.95,196.28,108.42,489.76
2025-01-26,2392.1,825.27,545.4,234.43,157.88,629.12
2025-01-27,2107.73,725.06,522.72,179.16,124.36,556.44
2025-01-28,1873.07,631.22,477.63,196.67,112.38,455.16
2025-01-29,2036.98,688.5,437.95,209.81,169.07,531.65
2025-01-30,1946.75,644.37,482.79,227.77,138.22,453.59
2025-01-31,2424.36,768.52,601.24,240.01,179.4,635.18
2025-02-01,2221.65,802.02,510.98,191.06,148.85,568.74
2025-02-02,2598.27,813.26,639.17,270.22,187.08,688.54
2025-02-03,1953.18,677.75,437.51,214.85,144.54,478.53
2025-02-04,2484.98,849.86,576.52,241.04,176.43,641.12
2025-02-05,2563.06,858.63,653.58,215.3,153.78,681.77
2025-02-06,2579.58,946.71,613.94,260.54,190.89,567.51
2025-02-07,2714.86,942.06,654.28,290.49,143.89,684.14
2025-02-08,2478.36,827.77,547.72,183.4,230.49,688.98
2025-02-09,2809.28,918.63,696.7,334.3,151.7,707.94
2025-02-10,2768.46,985.57,678.27,263.0,207.63,633.98
2025-02-11,1807.28,605.44,419.29,193.38,113.86,475.31
2025-02-12,1988.87,739.86,463.41,200.88,139.22,445.51
2025-02-13,1676.5,580.07,405.71,184.42,107.3,399.01
2025-02-14,2571.4,951.42,581.14,282.85,138.86,617.14
2025-02-15,1848.01,615.39,425.04,173.71,133.06,500.81
2025-02-16,1753.06,592.53,424.24,220.89,105.18,410.22
2025-02-17,1815.91,635.57,435.82,187.04,105.32,452.16
2025-02-18,1591.59,541.14,356.52,130.51,116.19,447.24
2025-02-19,2295.26,757.44,601.36,231.82,156.08,548.57
2025-02-20,1820.41,582.53,464.2,156.56,158.38,458.74
2025-02-21,1608.4,567.77,400.49,144.76,98.11,397.27
2025-02-22,2361.34,805.22,578.53,181.82,174.74,621.03
2025-02-23,2381.99,821.79,588.35,247.73,159.59,564.53
2025-02-24,1545.58,525.5,363.21,163.83,100.46,392.58
2025-02-25,1950.2,678.67,462.2,183.32,105.31,520.7
2025-02-26,2173.88,702.16,543.47,215.21,145.65,567.38
2025-02-27,2075.11,632.91,576.88,236.56,124.51,504.25
2025-02-28,2084.68,698.37,519.09,204.3,120.91,542.02
2025-03-01,2788.75,878.46,730.65,256.56,181.27,741.81
2025-03-02,3127.29,1132.08,622.33,331.49,247.06,794.33
2025-03-03,2090.35,712.81,512.14,225.76,129.6,510.05
2025-03-04,1737.34,568.11,453.45,182.42,105.98,427.39
2025-03-05,2117.9,753.97,504.06,192.73,148.25,518.89
2025-03-06,2268.0,782.46,498.96,208.66,174.64,603.29
2025-03-07,2181.35,706.76,575.88,224.68,161.42,512.62
2025-03-08,2589.74,914.18,631.9,240.85,165.74,637.08
2025-03-09,3150.17,1023.81,796.99,324.47,252.01,752.89
2025-03-10,1600.41,529.74,408.1,158.44,112.03,392.1
2025-03-11,2022.52,643.16,533.95,210.34,159.78,475.29
2025-03-12,2739.4,999.88,578.01,279.42,178.06,704.03
2025-03-13,2017.28,710.08,510.37,183.57,161.38,451.87
2025-03-14,2476.32,832.04,574.51,292.21,210.49,567.08
2025-03-15,2596.82,836.18,669.98,244.1,163.6,682.96
2025-03-16,2808.91,988.74,682.57,283.7,176.96,676.95
2025-03-17,2869.67,944.12,705.94,295.58,195.14,728.9
2025-03-18,2316.58,799.22,546.71,229.34,171.43,569.88
2025-03-19,1588.96,506.88,347.98,174.79,146.18,413.13
2025-03-20,1954.86,621.65,498.49,220.9,142.7,471.12
2025-03-21,2965.12,1079.3,661.22,287.62,234.24,702.73
2025-03-22,1881.03,620.74,521.05,191.87,139.2,408.18
2025-03-23,2549.88,928.16,596.67,247.34,173.39,604.32
2025-03-24,1319.92,414.45,351.1,130.67,93.71,329.98
2025-03-25,1727.07,611.38,379.96,153.71,134.71,447.31
2025-03-26,2510.43,840.99,607.52,246.02,180.75,635.14
2025-03-27,2212.59,739.01,559.79,219.05,157.09,537.66
2025-03-28,2068.25,728.02,479.83,217.17,155.12,488.11
2025-03-29,2090.98,715.12,516.47,194.46,169.37,495.56
2025-03-30,1677.21,581.99,412.59,154.3,110.7,417.63
2025-03-31,2442.69,803.65,622.89,241.83,188.09,586.25
2025-04-01,2100.9,745.82,510.52,199.59,153.37,491.61
2025-04-02,1667.35,600.25,365.15,160.07,120.05,421.84
2025-04-03,2210.57,780.33,543.8,214.43,161.37,510.64
2025-04-04,2403.44,814.77,653.74,247.55,165.84,521.55
2025-04-05,2305.76,760.9,532.63,279.0,179.85,553.38
2025-04-06,2416.6,804.73,604.15,236.83,190.91,579.98
2025-04-07,2213.34,768.03,515.71,196.99,168.21,564.4
2025-04-08,1952.62,642.41,480.34,203.07,123.02,503.78
2025-04-09,2218.99,767.77,521.46,255.18,157.55,517.02
2025-04-10,2457.33,835.49,619.25,228.53,137.61,636.45
2025-04-11,2562.13,784.01,625.16,251.09,210.09,691.78
2025-04-12,2652.76,915.2,612.79,297.11,188.35,639.32
2025-04-13,2139.72,678.29,558.47,224.67,141.22,537.07
2025-04-14,2422.67,826.13,583.86,235.0,152.63,625.05
2025-04-15,2362.91,857.74,526.93,250.47,172.49,555.28
2025-04-16,1951.6,653.79,468.38,208.82,150.27,470.34
2025-04-17,2037.49,707.01,466.59,220.05,124.29,519.56
2025-04-18,2437.89,838.63,568.03,219.41,156.02,655.79
2025-04-19,2857.92,971.69,708.76,294.37,142.9,740.2
2025-04-20,1741.91,609.67,423.28,158.51,111.48,438.96
2025-04-21,2774.02,857.17,737.89,274.63,208.05,696.28
2025-04-22,2607.46,949.12,636.22,234.67,164.27,623.18
2025-04-23,2269.69,710.41,574.23,238.32,131.64,615.09
2025-04-24,2115.75,759.55,516.24,207.34,135.41,497.2
2025-04-25,2336.65,773.43,572.48,282.73,147.21,560.8
2025-04-26,2151.8,729.46,587.44,202.27,118.35,514.28
2025-04-27,2313.81,802.89,571.51,212.87,152.71,573.82
2025-04-28,1683.74,567.42,444.51,163.32,101.02,407.47
2025-04-29,1590.47,574.16,343.54,178.13,85.89,408.75
2025-04-30,3016.31,1046.66,654.54,277.5,214.16,823.45
2025-05-01,2222.08,784.39,499.97,226.65,177.77,533.3
2025-05-02,2271.29,769.97,529.21,222.59,134.01,615.52
2025-05-03,2365.24,818.37,562.93,208.14,172.66,603.14
2025-05-04,2086.28,711.42,529.92,191.94,129.35,523.66
2025-05-05,2092.53,755.4,495.93,219.72,108.81,512.67
2025-05-06,2231.92,781.17,517.81,227.66,136.15,569.14
2025-05-07,2131.18,713.95,534.93,172.63,170.49,539.19
2025-05-08,1936.73,627.5,447.38,209.17,137.51,515.17
2025-05-09,2367.82,821.63,573.01,220.21,156.28,596.69
2025-05-10,2441.93,825.37,581.18,258.84,202.68,573.85
2025-05-11,2513.52,816.89,615.81,228.73,208.62,643.46
2025-05-12,2446.77,966.47,567.65,230.0,139.47,543.18
2025-05-13,2140.32,723.43,500.83,220.45,136.98,558.62
2025-05-14,2140.89,777.14,488.12,207.67,132.74,535.22
2025-05-15,2718.86,872.75,636.21,301.79,157.69,750.41
2025-05-16,1869.59,611.36,435.61,215.0,138.35,469.27
2025-05-17,1720.23,607.24,428.34,173.74,118.7,392.21
2025-05-18,2570.44,863.67,622.05,241.62,172.22,670.88
2025-05-19,1979.73,679.05,494.93,178.18,144.52,483.05
2025-05-20,1822.93,576.05,492.19,156.77,142.19,455.73
2025-05-21,2509.83,870.91,589.81,248.47,125.49,675.14
2025-05-22,2149.33,760.86,498.64,202.04,148.3,539.48
2025-05-23,1757.75,631.03,390.22,175.78,133.59,427.13
2025-05-24,3053.23,1007.57,757.2,308.38,232.05,748.04
2025-05-25,1812.26,579.92,453.06,204.79,119.61,454.88
2025-05-26,2169.66,729.01,527.23,253.85,149.71,509.87
2025-05-27,1538.75,509.33,383.15,158.49,113.87,373.92
2025-05-28,2294.73,814.63,532.38,211.12,158.34,578.27
2025-05-29,1975.61,669.73,497.85,183.73,148.17,476.12
2025-05-30,2486.75,852.96,589.36,223.81,198.94,621.69
2025-05-31,2369.91,796.29,609.07,277.28,151.67,535.6
2025-06-01,2848.71,977.11,655.2,270.63,188.01,757.76
2025-06-02,2049.6,635.38,514.45,237.75,131.17,530.85
2025-06-03,1638.41,563.61,396.5,162.2,114.69,401.41
2025-06-04,2283.13,776.26,545.67,242.01,157.54,561.65
2025-06-05,2111.6,705.27,542.68,206.94,160.48,496.23
2025-06-06,1563.26,509.62,370.49,168.83,107.86,406.45
2025-06-07,2006.62,672.22,521.72,172.57,164.54,475.57
2025-06-08,2118.0,728.59,472.31,192.74,133.43,590.92
2025-06-09,2744.38,957.79,664.14,266.2,170.15,686.1
2025-06-10,2447.61,829.74,567.85,242.31,144.41,663.3
2025-06-11,2078.29,679.6,519.57,218.22,164.18,496.71
2025-06-12,2364.8,754.37,572.28,300.33,170.27,567.55
2025-06-13,1486.19,466.66,368.58,144.16,121.87,384.92
2025-06-14,2178.28,740.62,505.36,252.68,172.08,507.54
2025-06-15,2516.35,817.81,671.87,291.9,173.63,561.15
2025-06-16,2257.88,776.71,564.47,214.5,137.73,564.47
2025-06-17,2011.23,766.28,444.48,172.97,170.95,456.55
2025-06-18,2186.59,750.0,518.22,192.42,181.49,544.46
2025-06-19,2318.34,769.69,542.49,224.88,166.92,614.36
2025-06-20,2196.73,702.95,542.59,230.66,116.43,604.1
2025-06-21,2677.35,931.72,610.44,267.74,176.71,690.76
2025-06-22,2487.55,830.84,527.36,261.19,211.44,656.71
2025-06-23,2378.93,796.94,551.91,271.2,166.53,592.35
2025-06-24,2799.74,904.32,708.33,274.37,207.18,705.53
2025-06-25,2489.63,891.29,560.17,243.98,154.36,639.83
2025-06-26,2809.34,901.8,654.58,297.79,196.65,758.52
2025-06-27,1964.83,622.85,461.74,218.1,184.69,477.45
2025-06-28,1818.66,627.44,440.12,130.94,132.76,487.4
2025-06-29,2326.9,788.82,556.13,265.27,137.29,579.4
2025-06-30,2121.04,740.24,519.65,207.86,144.23,509.05
2025-07-01,2710.79,908.11,642.46,311.74,159.94,688.54
2025-07-02,1804.48,649.61,443.9,166.01,120.9,424.05
2025-07-03,2172.39,701.68,534.41,221.58,149.89,564.82
2025-07-04,2341.81,814.95,540.96,259.94,149.88,576.09
2025-07-05,2411.04,841.45,629.28,238.69,127.79,573.83
2025-07-06,2315.96,752.69,572.04,231.6,157.49,602.15
2025-07-07,2325.5,820.9,537.19,237.2,179.06,551.14
2025-07-08,2577.68,889.3,610.91,244.88,185.59,647.0
2025-07-09,2737.51,933.49,687.12,243.64,164.25,709.02
2025-07-10,2211.48,767.38,570.56,207.88,137.11,528.54
2025-07-11,1914.45,671.97,455.64,187.62,149.33,449.9
2025-07-12,2913.09,1013.76,742.84,273.83,180.61,702.05
2025-07-13,1998.83,665.61,465.73,213.87,167.9,485.72
2025-07-14,2826.7,969.56,667.1,322.24,200.7,667.1
2025-07-15,2670.45,867.9,675.62,320.45,194.94,611.53
2025-07-16,2721.29,851.76,704.81,312.95,214.98,636.78
2025-07-17,2439.89,810.04,624.61,226.91,182.99,595.33
2025-07-18,1460.63,442.57,333.02,172.35,113.93,398.75
2025-07-19,2012.31,676.14,472.89,209.28,142.87,511.13
2025-07-20,2483.41,846.84,583.6,250.82,173.84,628.3
2025-07-21,1963.52,706.87,473.21,164.94,117.81,500.7
2025-07-22,2089.65,741.83,463.9,227.77,140.01,516.14
2025-07-23,2414.48,849.9,618.11,205.23,164.18,577.06
2025-07-24,2140.51,729.91,524.42,211.91,151.98,522.28
2025-07-25,1773.34,588.75,423.83,150.73,131.23,478.8
2025-07-26,2685.98,875.63,639.26,249.8,222.94,698.35
2025-07-27,2556.22,881.9,641.61,235.17,204.5,593.04
2025-07-28,2112.85,709.92,509.2,232.41,164.8,496.52
2025-07-29,2448.94,832.64,524.07,279.18,166.53,646.52
2025-07-30,2233.27,830.78,506.95,180.89,158.56,556.08
2025-07-31,2665.98,847.78,706.48,253.27,213.28,645.17
2025-08-01,2252.92,775.0,554.22,186.99,180.23,556.47
2025-08-02,2839.37,968.23,661.57,298.13,207.27,704.16
2025-08-03,1720.22,586.6,381.89,184.06,127.3,440.38
2025-08-04,2360.73,868.75,559.49,245.52,151.09,535.89
2025-08-05,2060.75,700.66,511.07,226.68,131.89,490.46
2025-08-06,1899.33,679.96,414.05,233.62,125.36,446.34
2025-08-07,2605.48,859.81,609.68,237.1,200.62,698.27
2025-08-08,2511.18,858.82,610.22,266.19,170.76,605.19
2025-08-09,1673.73,577.44,379.94,160.68,125.53,430.15
2025-08-10,2626.42,832.58,617.21,257.39,178.6,740.65
2025-08-11,2407.95,825.93,570.68,226.35,180.6,604.4
2025-08-12,1946.92,650.27,469.21,196.64,167.44,463.37
2025-08-13,1907.64,627.61,429.22,219.38,160.24,471.19
2025-08-14,1643.3,566.94,374.67,151.18,118.32,432.19
2025-08-15,2081.86,707.83,491.32,222.76,141.57,518.38
2025-08-16,2313.88,802.92,529.88,249.9,148.09,583.1
2025-08-17,2654.95,841.62,661.08,270.8,156.64,724.8
2025-08-18,2294.28,816.76,566.69,217.96,142.25,550.63
2025-08-19,1829.03,689.54,400.56,159.13,137.18,442.63
2025-08-20,2283.61,771.86,564.05,237.5,141.58,568.62
2025-08-21,2111.08,726.21,468.66,240.66,158.33,517.21
2025-08-22,1872.81,599.3,453.22,196.65,140.46,483.18
2025-08-23,1819.67,595.03,449.46,180.15,105.54,489.49
2025-08-24,2594.68,866.62,620.13,300.98,186.82,620.13
2025-08-25,2356.24,777.56,546.65,228.56,160.22,643.25
2025-08-26,2394.87,790.31,620.27,241.88,155.67,586.74
2025-08-27,1945.11,630.22,494.06,188.68,149.77,482.39
2025-08-28,2259.88,784.18,485.87,253.11,176.27,560.45
2025-08-29,1718.62,622.14,407.31,213.11,108.27,367.78
2025-08-30,2030.7,645.76,530.01,237.59,148.24,469.09
2025-08-31,2387.81,797.53,556.36,207.74,169.53,656.65
2025-09-01,2291.82,829.64,554.62,213.14,162.72,531.7
2025-09-02,1629.91,572.1,386.29,154.84,140.17,376.51
2025-09-03,1829.86,592.87,457.46,188.48,122.6,468.44
2025-09-04,2072.11,721.09,538.75,192.71,113.97,505.59
2025-09-05,2535.48,849.39,633.87,258.62,152.13,641.48
2025-09-06,2091.41,757.09,460.11,225.87,106.66,541.68
2025-09-07,2425.2,846.39,582.05,244.95,191.59,560.22
2025-09-08,2285.89,834.35,512.04,253.73,148.58,537.18
2025-09-09,2112.61,720.4,549.28,207.04,150.0,485.9
2025-09-10,2293.81,768.43,555.1,252.32,160.57,557.4
2025-09-11,1729.28,544.72,402.92,157.36,146.99,477.28
2025-09-12,1970.47,650.26,478.82,197.05,128.08,516.26
2025-09-13,2878.03,990.04,690.73,296.44,212.97,687.85
2025-09-14,2902.67,954.98,722.76,290.27,197.38,737.28
2025-09-15,2495.02,853.3,581.34,259.48,147.21,653.7
2025-09-16,2585.14,863.44,633.36,250.76,217.15,620.43
2025-09-17,1560.93,488.57,360.57,159.21,107.7,444.87
2025-09-18,1867.96,601.48,466.99,186.8,127.02,485.67
2025-09-19,2091.11,748.62,483.05,225.84,140.1,493.5
2025-09-20,3221.47,1143.62,705.5,302.82,225.5,844.03
2025-09-21,2266.42,820.44,507.68,244.77,138.25,555.27
2025-09-22,2460.72,777.59,597.95,248.53,194.4,642.25
2025-09-23,2332.43,783.7,541.12,282.22,181.93,543.46
2025-09-24,2324.64,815.95,495.15,232.46,172.02,609.06
2025-09-25,2191.76,775.88,523.83,221.37,124.93,545.75
2025-09-26,1779.99,608.76,363.12,199.36,145.96,462.8
2025-09-27,1430.59,502.14,334.76,130.18,108.72,354.79
2025-09-28,2824.64,909.53,675.09,316.36,189.25,734.41
2025-09-29,1984.23,632.97,482.17,198.42,128.97,541.69
2025-09-30,1546.51,510.35,383.53,153.1,106.71,392.81
2025-10-01,2573.29,946.97,550.68,270.2,174.98,630.46
2025-10-02,2566.58,903.44,716.08,223.29,141.16,582.61
2025-10-03,2688.76,951.82,621.1,223.17,172.08,720.59
2025-10-04,3004.1,1045.43,733.0,306.42,201.27,717.98
2025-10-05,2291.95,735.72,515.69,229.2,194.82,616.53
2025-10-06,2113.76,754.61,462.91,245.2,128.94,522.1
2025-10-07,2308.45,826.43,489.39,240.08,133.89,618.66
2025-10-08,2707.57,1004.51,647.11,270.76,129.96,655.23
2025-10-09,1684.08,562.48,434.49,156.62,127.99,402.5
2025-10-10,2464.87,825.73,574.31,281.0,207.05,576.78
2025-10-11,2939.84,1008.37,687.92,293.98,226.37,723.2
2025-10-12,2925.4,1061.92,652.36,292.54,236.96,681.62
2025-10-13,2668.0,912.46,648.32,237.45,176.09,693.68
2025-10-14,2792.05,910.21,686.84,262.45,198.24,734.31
2025-10-15,1458.49,455.05,390.88,150.22,105.01,357.33
2025-10-16,2984.71,1056.59,704.39,289.52,194.01,740.21
2025-10-17,2535.64,935.65,631.37,253.56,190.17,524.88
2025-10-18,3080.73,973.51,751.7,308.07,237.22,810.23
2025-10-19,2202.48,684.97,510.98,218.05,202.63,585.86
2025-10-20,1806.16,623.13,384.71,189.65,119.21,489.47
2025-10-21,3045.23,1029.29,727.81,301.48,228.39,758.26
2025-10-22,2095.72,729.31,496.69,205.38,144.6,519.74
2025-10-23,2311.2,788.12,559.31,238.05,122.49,603.22
2025-10-24,2604.61,937.66,609.48,273.48,179.72,604.27
2025-10-25,2884.11,986.37,703.72,279.76,190.35,723.91
2025-10-26,2991.05,939.19,804.59,284.15,185.45,777.67
2025-10-27,2498.19,886.86,539.61,267.31,194.86,609.56
2025-10-28,2050.99,760.92,451.22,170.23,133.31,535.31
2025-10-29,2667.32,949.57,605.48,293.41,189.38,629.49
2025-10-30,2672.89,892.75,622.78,328.77,168.39,660.2
2025-10-31,1784.74,594.32,442.62,189.18,123.15,435.48
2025-11-01,3704.14,1252.0,914.92,285.22,314.85,937.15
2025-11-02,2337.12,752.55,584.28,236.05,186.97,577.27
2025-11-03,3332.05,1116.24,806.36,426.5,206.59,776.37
2025-11-04,2748.06,989.3,648.54,258.32,156.64,695.26
2025-11-05,3216.93,1029.42,778.5,308.83,218.75,881.44
2025-11-06,3148.57,1026.43,761.95,289.67,192.06,878.45
2025-11-07,2957.01,1008.34,786.56,345.97,165.59,650.54
2025-11-08,3365.48,1103.88,787.52,366.84,191.83,915.41
2025-11-09,3177.34,1054.88,807.04,279.61,244.66,791.16
2025-11-10,3219.88,1097.98,692.27,350.97,244.71,833.95
2025-11-11,3734.85,1266.11,903.83,347.34,283.85,933.71
2025-11-12,2500.57,795.18,677.65,237.55,175.04,615.14
2025-11-13,1854.15,643.39,450.56,144.62,133.5,482.08
2025-11-14,2824.51,915.14,666.58,310.7,206.19,725.9
2025-11-15,3038.19,1054.25,744.36,261.28,191.41,786.89
2025-11-16,3075.45,1024.12,750.41,310.62,196.83,793.47
2025-11-17,2645.75,918.08,560.9,288.39,137.58,740.81
2025-11-18,3275.35,1205.33,799.19,255.48,219.45,795.91
2025-11-19,2486.53,825.53,586.82,251.14,186.49,636.55
2025-11-20,3127.77,1004.01,769.43,347.18,243.97,763.18
2025-11-21,3193.46,1108.13,740.88,367.25,169.25,807.95
2025-11-22,3318.36,1194.61,739.99,341.79,228.97,813.0
2025-11-23,3378.1,1124.91,807.37,347.94,219.58,878.31
2025-11-24,3302.24,1159.09,772.72,313.71,227.85,828.86
2025-11-25,2988.75,959.39,678.45,325.77,268.99,756.15
2025-11-26,2848.73,945.78,695.09,270.63,210.81,726.43
2025-11-27,3140.23,1026.86,744.23,342.29,210.4,816.46
2025-11-28,3180.13,1065.34,747.33,359.35,219.43,788.67
2025-11-29,3518.99,1154.23,834.0,344.86,246.33,939.57
2025-11-30,2608.26,865.94,646.85,292.13,151.28,652.07
2025-12-01,2905.76,982.15,665.42,357.41,226.65,674.14
2025-12-02,2597.12,864.84,633.7,280.49,205.17,612.92
2025-12-03,3166.34,1105.05,775.75,319.8,208.98,756.76
2025-12-04,3224.35,1147.87,725.48,261.17,264.4,825.43
2025-12-05,2873.96,1000.14,629.4,321.88,215.55,706.99
2025-12-06,2952.36,968.37,758.76,295.24,233.24,696.76
2025-12-07,3416.54,1206.04,782.39,362.15,204.99,860.97
2025-12-08,2923.37,917.94,681.15,330.34,225.1,768.85
2025-12-09,3469.26,1172.61,863.85,329.58,260.19,843.03
2025-12-10,3590.53,1328.5,725.29,402.14,247.75,886.86
2025-12-11,3320.25,1188.65,723.81,312.1,232.42,863.26
2025-12-12,3051.43,982.56,729.29,357.02,176.98,805.58
2025-12-13,3846.55,1211.66,988.56,415.43,269.26,961.64
2025-12-14,3291.85,1089.6,901.97,316.02,246.89,737.37
2025-12-15,2802.28,989.2,624.91,252.21,204.57,731.4
2025-12-16,2733.63,899.36,650.6,308.9,180.42,694.34
2025-12-17,2723.77,958.77,634.64,305.06,177.05,648.26
2025-12-18,2967.77,1038.72,673.68,314.58,207.74,733.04
2025-12-19,3132.08,1093.1,742.3,294.42,247.43,754.83
2025-12-20,2712.3,900.48,691.64,279.37,195.29,645.53
2025-12-21,3050.48,1095.12,652.8,253.19,204.38,844.98
2025-12-22,3044.5,995.55,788.53,283.14,194.85,782.44
2025-12-23,3195.27,1067.22,808.4,325.92,255.62,738.11
2025-12-24,2960.93,962.3,722.47,290.17,162.85,823.14
2025-12-25,3055.58,1109.18,690.56,339.17,213.89,702.78
2025-12-26,2536.52,852.27,626.52,243.51,152.19,662.03
2025-12-27,2888.47,1016.74,684.57,268.63,176.2,742.34
2025-12-28,3186.3,1086.53,793.39,331.38,191.18,783.83
2025-12-29,3148.69,1076.85,746.24,302.27,170.03,853.29
2025-12-30,3050.96,1055.63,738.33,314.25,146.45,796.3
2025-12-31,2672.91,890.08,719.01,229.87,171.07,662.88
