date,revenue,orders,returned_orders,avg_shipping_days,aov,return_rate,total_spend_gbp,sessions,web_orders,conversion_rate_calc,cac_proxy
2024-01-01,12002.58,153,5,3.56,78.45,0.0327,1995.69,8616,153,0.01776,13.04
2024-01-02,15047.95,209,8,4.13,72.0,0.0383,2477.17,9975,209,0.02095,11.85
2024-01-03,9460.130000000001,121,10,4.06,78.18,0.0826,1787.0,7447,121,0.01625,14.77
2024-01-04,10991.2,160,4,3.91,68.7,0.025,1674.58,7834,160,0.02042,10.47
2024-01-05,5813.08,87,4,3.85,66.82,0.046,2051.51,6976,87,0.01247,23.58
2024-01-06,12973.41,166,4,3.59,78.15,0.0241,2221.64,8922,166,0.01861,13.38
2024-01-07,15885.54,210,7,3.82,75.65,0.0333,2412.57,9585,210,0.02191,11.49
2024-01-08,11206.46,146,5,3.71,76.76,0.0342,1541.65,7631,146,0.01913,10.56
2024-01-09,5599.41,78,1,3.65,71.79,0.0128,1131.72,5621,78,0.01388,14.51
2024-01-10,11880.75,162,5,3.97,73.34,0.0309,2346.43,8640,162,0.01875,14.48
2024-01-11,10765.33,148,6,4.18,72.74,0.0405,1644.96,7390,148,0.02003,11.11
2024-01-12,8188.66,127,4,4.0,64.48,0.0315,1810.5,7598,127,0.01671,14.26
2024-01-13,9771.55,150,4,3.89,65.14,0.0267,1421.79,7905,150,0.01898,9.48
2024-01-14,10280.84,136,6,3.6,75.59,0.0441,2543.94,9472,136,0.01436,18.71
2024-01-15,14116.61,192,8,3.59,73.52,0.0417,2146.62,8554,192,0.02245,11.18
2024-01-16,11976.949999999999,172,3,3.8,69.63,0.0174,2132.57,8174,172,0.02104,12.4
2024-01-17,10591.59,166,5,3.91,63.8,0.0301,2130.21,9102,166,0.01824,12.83
2024-01-18,10664.64,153,4,3.83,69.7,0.0261,1302.94,7575,153,0.0202,8.52
2024-01-19,9355.95,132,8,3.94,70.88,0.0606,1679.19,7421,132,0.01779,12.72
2024-01-20,17891.65,239,13,3.89,74.86,0.0544,2027.82,10332,239,0.02313,8.48
2024-01-21,9460.380000000001,134,6,3.91,70.6,0.0448,1923.86,7964,134,0.01683,14.36
2024-01-22,12168.23,172,8,3.95,70.75,0.0465,1928.97,8685,172,0.0198,11.21
2024-01-23,10684.65,137,7,3.82,77.99,0.0511,2110.17,7854,137,0.01744,15.4
2024-01-24,12778.27,185,8,3.65,69.07,0.0432,2376.25,9394,185,0.01969,12.84
2024-01-25,8312.67,117,3,3.79,71.05,0.0256,1505.93,7694,117,0.01521,12.87
2024-01-26,7943.76,119,3,3.8,66.75,0.0252,2020.91,7648,119,0.01556,16.98
2024-01-27,13867.6,198,8,3.95,70.04,0.0404,2434.96,9317,198,0.02125,12.3
2024-01-28,14275.22,199,10,3.7,71.73,0.0503,1862.49,9428,199,0.02111,9.36
2024-01-29,9499.43,128,7,3.66,74.21,0.0547,1956.51,7644,128,0.01675,15.29
2024-01-30,13742.33,188,5,4.09,73.1,0.0266,2187.29,8812,188,0.02133,11.63
2024-01-31,8424.99,122,9,3.73,69.06,0.0738,2027.92,8470,122,0.0144,16.62
2024-02-01,12368.81,182,5,3.8,67.96,0.0275,2435.97,9402,182,0.01936,13.38
2024-02-02,13049.9,187,4,3.93,69.79,0.0214,2233.14,8004,187,0.02336,11.94
2024-02-03,17501.55,241,8,3.84,72.62,0.0332,2266.85,9988,241,0.02413,9.41
2024-02-04,14929.25,192,5,3.77,77.76,0.026,1965.55,8925,192,0.02151,10.24
2024-02-05,13520.03,178,6,3.83,75.96,0.0337,2286.51,9806,178,0.01815,12.85
2024-02-06,13041.14,180,5,3.84,72.45,0.0278,2234.99,9185,180,0.0196,12.42
2024-02-07,10751.16,163,8,3.83,65.96,0.0491,1852.51,8358,163,0.0195,11.37
2024-02-08,12642.47,186,4,3.71,67.97,0.0215,2403.72,9590,186,0.0194,12.92
2024-02-09,10861.41,143,9,3.96,75.95,0.0629,2643.77,9230,143,0.01549,18.49
2024-02-10,16772.75,243,9,3.72,69.02,0.037,2144.97,10194,243,0.02384,8.83
2024-02-11,12138.7,164,3,3.68,74.02,0.0183,2121.33,8989,164,0.01824,12.93
2024-02-12,15141.09,191,8,3.8,79.27,0.0419,1932.55,8254,191,0.02314,10.12
2024-02-13,12419.53,177,7,3.85,70.17,0.0395,1612.47,8639,177,0.02049,9.11
2024-02-14,12969.210000000001,180,2,3.79,72.05,0.0111,2901.57,10461,180,0.01721,16.12
2024-02-15,12615.19,172,3,3.6,73.34,0.0174,2042.89,8539,172,0.02014,11.88
2024-02-16,12300.87,175,3,3.69,70.29,0.0171,1899.54,8657,175,0.02021,10.85
2024-02-17,15290.75,205,9,3.89,74.59,0.0439,1981.63,9324,205,0.02199,9.67
2024-02-18,9709.63,140,4,3.79,69.35,0.0286,2240.21,9369,140,0.01494,16.0
2024-02-19,10089.69,133,3,3.68,75.86,0.0226,1956.68,9071,133,0.01466,14.71
2024-02-20,11478.37,170,3,3.99,67.52,0.0176,2703.33,9173,170,0.01853,15.9
2024-02-21,14184.97,185,6,3.95,76.68,0.0324,1762.94,8306,185,0.02227,9.53
2024-02-22,12443.07,158,11,3.85,78.75,0.0696,1661.51,8437,158,0.01873,10.52
2024-02-23,17413.65,232,4,3.77,75.06,0.0172,2393.12,9720,232,0.02387,10.32
2024-02-24,11921.380000000001,163,1,3.91,73.14,0.0061,2338.48,8282,163,0.01968,14.35
2024-02-25,10944.67,166,6,3.99,65.93,0.0361,2297.97,9474,166,0.01752,13.84
2024-02-26,12314.18,173,5,3.92,71.18,0.0289,2395.87,8623,173,0.02006,13.85
2024-02-27,10730.73,160,4,3.69,67.07,0.025,2247.85,9842,160,0.01626,14.05
2024-02-28,11329.23,166,5,3.87,68.25,0.0301,2183.61,8714,166,0.01905,13.15
2024-02-29,10405.51,132,3,3.93,78.83,0.0227,1708.02,8750,132,0.01509,12.94
2024-03-01,9337.79,125,3,3.75,74.7,0.024,1616.17,7140,125,0.01751,12.93
2024-03-02,13973.95,202,4,3.68,69.18,0.0198,2130.85,9467,202,0.02134,10.55
2024-03-03,15801.61,203,6,4.04,77.84,0.0296,1996.47,8982,203,0.0226,9.83
2024-03-04,14626.76,201,3,3.72,72.77,0.0149,2294.22,10817,201,0.01858,11.41
2024-03-05,11594.75,156,4,3.62,74.33,0.0256,1570.45,8490,156,0.01837,10.07
2024-03-06,14714.6,200,5,3.87,73.57,0.025,2043.49,9350,200,0.02139,10.22
2024-03-07,14916.92,203,11,3.84,73.48,0.0542,2139.42,10081,203,0.02014,10.54
2024-03-08,10915.73,150,8,3.74,72.77,0.0533,2186.12,9123,150,0.01644,14.57
2024-03-09,9354.59,121,6,3.61,77.31,0.0496,2515.64,9904,121,0.01222,20.79
2024-03-10,11488.42,167,5,3.67,68.79,0.0299,2261.71,9353,167,0.01786,13.54
2024-03-11,9241.65,130,6,3.92,71.09,0.0462,1966.38,8732,130,0.01489,15.13
2024-03-12,9711.77,137,6,3.56,70.89,0.0438,2635.57,8145,137,0.01682,19.24
2024-03-13,13501.47,184,3,4.18,73.38,0.0163,2087.99,8768,184,0.02099,11.35
2024-03-14,12054.27,165,5,3.72,73.06,0.0303,2696.7,10059,165,0.0164,16.34
2024-03-15,12856.130000000001,181,8,3.82,71.03,0.0442,2086.21,8670,181,0.02088,11.53
2024-03-16,15500.14,211,9,3.91,73.46,0.0427,2370.31,8769,211,0.02406,11.23
2024-03-17,12447.93,173,3,3.67,71.95,0.0173,2327.44,9516,173,0.01818,13.45
2024-03-18,12581.539999999999,160,7,3.69,78.63,0.0438,2280.93,8213,160,0.01948,14.26
2024-03-19,13828.69,195,6,3.81,70.92,0.0308,2053.05,9765,195,0.01997,10.53
2024-03-20,12544.35,193,7,3.72,65.0,0.0363,2233.65,8889,193,0.02171,11.57
2024-03-21,12908.73,180,6,3.89,71.72,0.0333,2735.78,8760,180,0.02055,15.2
2024-03-22,12247.52,160,2,3.72,76.55,0.0125,2567.1,9553,160,0.01675,16.04
2024-03-23,15624.41,211,6,4.04,74.05,0.0284,2745.51,10937,211,0.01929,13.01
2024-03-24,11725.880000000001,160,3,4.15,73.29,0.0188,1906.32,8911,160,0.01796,11.91
2024-03-25,11241.68,149,5,4.07,75.45,0.0336,1786.96,7646,149,0.01949,11.99
2024-03-26,14467.44,200,7,3.89,72.34,0.035,2276.21,8717,200,0.02294,11.38
2024-03-27,13076.23,182,5,3.6,71.85,0.0275,2469.76,9320,182,0.01953,13.57
2024-03-28,11493.42,158,4,3.91,72.74,0.0253,2018.3,8370,158,0.01888,12.77
2024-03-29,13181.11,178,5,3.67,74.05,0.0281,1955.85,7760,178,0.02294,10.99
2024-03-30,16021.49,215,7,3.67,74.52,0.0326,2863.85,10584,215,0.02031,13.32
2024-03-31,11593.97,155,6,3.94,74.8,0.0387,2616.06,9354,155,0.01657,16.88
2024-04-01,16836.18,236,11,3.92,71.34,0.0466,2570.3,10252,236,0.02302,10.89
2024-04-02,11844.62,168,8,3.79,70.5,0.0476,2045.49,9329,168,0.01801,12.18
2024-04-03,9874.34,127,4,3.89,77.75,0.0315,2017.99,8032,127,0.01581,15.89
2024-04-04,10609.15,136,6,3.79,78.01,0.0441,2532.11,9181,136,0.01481,18.62
2024-04-05,11571.2,160,8,3.56,72.32,0.05,2108.05,8551,160,0.01871,13.18
2024-04-06,12227.51,156,5,3.69,78.38,0.0321,2162.2,9273,156,0.01682,13.86
2024-04-07,14101.34,194,3,3.7,72.69,0.0155,2056.38,9245,194,0.02098,10.6
2024-04-08,12463.97,160,5,3.8,77.9,0.0312,2021.05,8917,160,0.01794,12.63
2024-04-09,15754.93,204,3,3.81,77.23,0.0147,2506.28,9825,204,0.02076,12.29
2024-04-10,11943.43,156,4,3.74,76.56,0.0256,1671.62,8908,156,0.01751,10.72
2024-04-11,13117.97,177,2,3.8,74.11,0.0113,2420.17,9434,177,0.01876,13.67
2024-04-12,11268.31,153,6,3.76,73.65,0.0392,1952.12,7727,153,0.0198,12.76
2024-04-13,12183.44,173,3,3.68,70.42,0.0173,2302.39,8593,173,0.02013,13.31
2024-04-14,13418.39,181,5,3.59,74.13,0.0276,2324.81,10582,181,0.0171,12.84
2024-04-15,12647.56,171,1,3.66,73.96,0.0058,2122.74,9138,171,0.01871,12.41
2024-04-16,12483.98,162,5,3.87,77.06,0.0309,2099.51,8912,162,0.01818,12.96
2024-04-17,16081.52,224,8,3.67,71.79,0.0357,2044.48,8953,224,0.02502,9.13
2024-04-18,11719.16,161,4,3.91,72.79,0.0248,2000.0,8696,161,0.01851,12.42
2024-04-19,15737.64,205,5,3.79,76.77,0.0244,2661.92,10117,205,0.02026,12.98
2024-04-20,11818.28,144,1,3.58,82.07,0.0069,2384.77,9491,144,0.01517,16.56
2024-04-21,13046.45,176,6,4.1,74.13,0.0341,2331.92,10247,176,0.01718,13.25
2024-04-22,11275.1,153,5,3.82,73.69,0.0327,1974.37,8236,153,0.01858,12.9
2024-04-23,11611.6,173,4,3.68,67.12,0.0231,2057.22,8166,173,0.02119,11.89
2024-04-24,11108.23,157,5,3.54,70.75,0.0318,1975.59,7539,157,0.02083,12.58
2024-04-25,17434.69,245,3,3.66,71.16,0.0122,2467.87,9346,245,0.02621,10.07
2024-04-26,14110.98,200,10,3.76,70.55,0.05,1936.24,9239,200,0.02165,9.68
2024-04-27,11231.74,140,1,3.75,80.23,0.0071,1589.81,7930,140,0.01765,11.36
2024-04-28,10570.08,151,2,3.87,70.0,0.0132,2396.41,8910,151,0.01695,15.87
2024-04-29,10371.289999999999,145,3,4.06,71.53,0.0207,2102.21,8965,145,0.01617,14.5
2024-04-30,8639.460000000001,134,6,3.62,64.47,0.0448,1994.97,8199,134,0.01634,14.89
2024-05-01,14762.88,200,5,3.42,73.81,0.025,2519.04,10515,200,0.01902,12.6
2024-05-02,12712.57,174,4,3.73,73.06,0.023,1243.27,7806,174,0.02229,7.15
2024-05-03,13955.83,199,7,3.8,70.13,0.0352,2751.69,9265,199,0.02148,13.83
2024-05-04,18861.35,256,5,3.93,73.68,0.0195,2745.14,10295,256,0.02487,10.72
2024-05-05,12505.27,186,6,3.91,67.23,0.0323,2156.18,8827,186,0.02107,11.59
2024-05-06,12676.77,178,4,3.89,71.22,0.0225,2042.23,7983,178,0.0223,11.47
2024-05-07,15425.14,194,4,3.69,79.51,0.0206,2376.54,9281,194,0.0209,12.25
2024-05-08,10895.78,165,5,3.69,66.04,0.0303,2385.93,9824,165,0.0168,14.46
2024-05-09,12684.19,177,6,4.07,71.66,0.0339,1978.14,8509,177,0.0208,11.18
2024-05-10,10885.85,135,3,3.81,80.64,0.0222,1634.13,7595,135,0.01777,12.1
2024-05-11,15853.64,202,1,3.74,78.48,0.005,3115.79,9780,202,0.02065,15.42
2024-05-12,11844.67,163,5,3.69,72.67,0.0307,2710.64,9934,163,0.01641,16.63
2024-05-13,11720.36,156,5,3.51,75.13,0.0321,2254.9,9415,156,0.01657,14.45
2024-05-14,10860.45,160,4,3.75,67.88,0.025,2261.52,8291,160,0.0193,14.13
2024-05-15,13463.3,192,6,3.94,70.12,0.0312,2417.46,10162,192,0.01889,12.59
2024-05-16,14689.68,201,6,3.77,73.08,0.0299,2459.37,9122,201,0.02203,12.24
2024-05-17,11564.83,161,3,3.51,71.83,0.0186,1469.77,7708,161,0.02089,9.13
2024-05-18,12781.82,167,6,3.84,76.54,0.0359,2253.19,9225,167,0.0181,13.49
2024-05-19,14032.460000000001,188,6,3.94,74.64,0.0319,2216.81,8690,188,0.02163,11.79
2024-05-20,15664.92,217,3,3.86,72.19,0.0138,2143.5,9136,217,0.02375,9.88
2024-05-21,13780.85,172,11,3.92,80.12,0.064,2469.78,9133,172,0.01883,14.36
2024-05-22,10266.65,135,7,3.76,76.05,0.0519,1573.47,7289,135,0.01852,11.66
2024-05-23,10373.7,144,5,3.76,72.04,0.0347,1727.8,6657,144,0.02163,12.0
2024-05-24,14254.43,188,3,3.89,75.82,0.016,1961.39,9308,188,0.0202,10.43
2024-05-25,16416.37,225,7,4.04,72.96,0.0311,2430.02,9804,225,0.02295,10.8
2024-05-26,14987.14,209,6,3.84,71.71,0.0287,2667.24,10915,209,0.01915,12.76
2024-05-27,15818.38,212,5,3.89,74.61,0.0236,2770.96,10436,212,0.02031,13.07
2024-05-28,14818.11,196,3,3.85,75.6,0.0153,2099.78,9453,196,0.02073,10.71
2024-05-29,14304.32,203,1,3.91,70.46,0.0049,2490.67,9193,203,0.02208,12.27
2024-05-30,12520.74,172,2,3.78,72.8,0.0116,2448.56,8628,172,0.01994,14.24
2024-05-31,12017.45,161,4,4.02,74.64,0.0248,2389.58,9797,161,0.01643,14.84
2024-06-01,14727.96,199,6,3.83,74.01,0.0302,2367.5,9760,199,0.02039,11.9
2024-06-02,13677.58,190,9,3.83,71.99,0.0474,2236.16,9152,190,0.02076,11.77
2024-06-03,11945.04,159,2,3.62,75.13,0.0126,1827.11,8717,159,0.01824,11.49
2024-06-04,14123.93,200,7,3.78,70.62,0.035,1803.94,8412,200,0.02378,9.02
2024-06-05,16201.49,208,8,3.78,77.89,0.0385,2321.48,9594,208,0.02168,11.16
2024-06-06,13365.47,185,2,3.84,72.25,0.0108,2180.95,8330,185,0.02221,11.79
2024-06-07,13709.05,192,4,3.66,71.4,0.0208,2054.57,9290,192,0.02067,10.7
2024-06-08,15039.64,205,7,3.88,73.36,0.0341,2608.68,10137,205,0.02022,12.73
2024-06-09,14503.13,199,8,3.98,72.88,0.0402,2305.83,10215,199,0.01948,11.59
2024-06-10,11915.21,174,6,3.6,68.48,0.0345,1880.39,8953,174,0.01943,10.81
2024-06-11,14118.83,210,7,3.84,67.23,0.0333,2106.73,9214,210,0.02279,10.03
2024-06-12,14843.539999999999,206,11,3.79,72.06,0.0534,2487.22,9459,206,0.02178,12.07
2024-06-13,11782.49,160,2,3.76,73.64,0.0125,1841.77,8725,160,0.01834,11.51
2024-06-14,16154.89,223,4,3.72,72.44,0.0179,2273.25,9785,223,0.02279,10.19
2024-06-15,16306.6,212,5,3.68,76.92,0.0236,2356.6,10025,212,0.02115,11.12
2024-06-16,15616.15,217,7,3.7,71.96,0.0323,2109.72,9314,217,0.0233,9.72
2024-06-17,16756.08,242,8,3.68,69.24,0.0331,2097.33,9212,242,0.02627,8.67
2024-06-18,11653.28,161,3,4.07,72.38,0.0186,1649.91,7619,161,0.02113,10.25
2024-06-19,12650.05,172,10,3.83,73.55,0.0581,2238.37,9961,172,0.01727,13.01
2024-06-20,9257.98,134,4,4.1,69.09,0.0299,1722.34,7063,134,0.01897,12.85
2024-06-21,13280.16,205,10,3.86,64.78,0.0488,2575.35,9713,205,0.02111,12.56
2024-06-22,15222.07,206,8,3.62,73.89,0.0388,2343.81,9393,206,0.02193,11.38
2024-06-23,12012.22,174,8,4.07,69.04,0.046,2175.87,8933,174,0.01948,12.5
2024-06-24,13509.24,184,10,3.99,73.42,0.0543,2606.2,9934,184,0.01852,14.16
2024-06-25,10115.02,142,5,3.68,71.23,0.0352,1838.85,7618,142,0.01864,12.95
2024-06-26,11103.25,162,3,3.8,68.54,0.0185,1938.31,9773,162,0.01658,11.96
2024-06-27,10391.25,135,6,3.5,76.97,0.0444,1559.76,6952,135,0.01942,11.55
2024-06-28,13693.59,189,3,3.97,72.45,0.0159,2658.33,9280,189,0.02037,14.07
2024-06-29,17729.82,231,12,3.88,76.75,0.0519,3031.5,10316,231,0.02239,13.12
2024-06-30,9136.99,130,2,3.76,70.28,0.0154,1790.24,8704,130,0.01494,13.77
2024-07-01,13588.69,174,4,3.86,78.1,0.023,1914.48,9046,174,0.01924,11.0
2024-07-02,12290.06,173,5,3.63,71.04,0.0289,2224.43,9342,173,0.01852,12.86
2024-07-03,14149.03,190,8,3.87,74.47,0.0421,2019.51,9520,190,0.01996,10.63
2024-07-04,12396.35,165,3,3.76,75.13,0.0182,2189.04,8462,165,0.0195,13.27
2024-07-05,16139.88,211,4,3.76,76.49,0.019,2158.84,9297,211,0.0227,10.23
2024-07-06,15546.29,211,6,3.74,73.68,0.0284,2518.64,9787,211,0.02156,11.94
2024-07-07,12560.7,177,5,3.9,70.96,0.0282,2039.66,9196,177,0.01925,11.52
2024-07-08,16050.06,223,7,3.64,71.97,0.0314,2267.43,9773,223,0.02282,10.17
2024-07-09,11738.72,165,2,3.81,71.14,0.0121,1809.36,7222,165,0.02285,10.97
2024-07-10,16734.47,242,11,3.75,69.15,0.0455,2055.85,9900,242,0.02444,8.5
2024-07-11,13085.75,170,4,3.77,76.97,0.0235,1592.14,7737,170,0.02197,9.37
2024-07-12,13425.87,196,8,3.78,68.5,0.0408,2058.41,7747,196,0.0253,10.5
2024-07-13,11346.92,163,10,3.86,69.61,0.0613,2175.54,8901,163,0.01831,13.35
2024-07-14,15009.09,213,7,4.07,70.47,0.0329,2706.25,10387,213,0.02051,12.71
2024-07-15,15054.68,200,13,3.76,75.27,0.065,2179.26,8524,200,0.02346,10.9
2024-07-16,8158.39,121,3,3.71,67.42,0.0248,2242.88,7832,121,0.01545,18.54
2024-07-17,12739.17,176,3,3.78,72.38,0.017,2192.14,9023,176,0.01951,12.46
2024-07-18,6398.39,100,1,3.65,63.98,0.01,1454.81,7131,100,0.01402,14.55
2024-07-19,11370.59,160,7,3.68,71.07,0.0438,1501.07,8042,160,0.0199,9.38
2024-07-20,9214.4,149,2,3.91,61.84,0.0134,2264.46,8845,149,0.01685,15.2
2024-07-21,13560.460000000001,198,9,3.79,68.49,0.0455,2473.5,11240,198,0.01762,12.49
2024-07-22,13826.630000000001,181,4,4.04,76.39,0.0221,2117.8,9131,181,0.01982,11.7
2024-07-23,14072.710000000001,180,3,3.95,78.18,0.0167,1897.58,8523,180,0.02112,10.54
2024-07-24,11771.61,160,6,3.92,73.57,0.0375,2115.89,9194,160,0.0174,13.22
2024-07-25,7923.87,120,2,3.88,66.03,0.0167,2085.52,7669,120,0.01565,17.38
2024-07-26,11748.94,160,7,4.01,73.43,0.0438,2472.65,9199,160,0.01739,15.45
2024-07-27,19398.76,250,8,3.8,77.6,0.032,2629.06,11249,250,0.02222,10.52
2024-07-28,14006.64,189,8,3.78,74.11,0.0423,2182.3,9138,189,0.02068,11.55
2024-07-29,11587.15,155,4,3.52,74.76,0.0258,2182.53,8909,155,0.0174,14.08
2024-07-30,12534.24,174,5,3.92,72.04,0.0287,2296.67,8883,174,0.01959,13.2
2024-07-31,16768.92,218,8,3.78,76.92,0.0367,2348.63,10141,218,0.0215,10.77
2024-08-01,12023.3,151,4,3.58,79.62,0.0265,2778.41,9932,151,0.0152,18.4
2024-08-02,13746.26,167,3,3.78,82.31,0.018,2190.15,8210,167,0.02034,13.11
2024-08-03,18171.13,232,15,3.91,78.32,0.0647,2785.06,12022,232,0.0193,12.0
2024-08-04,12380.69,158,2,3.73,78.36,0.0127,1969.97,8101,158,0.0195,12.47
2024-08-05,11968.45,166,5,3.9,72.1,0.0301,1976.81,8497,166,0.01954,11.91
2024-08-06,13667.95,167,8,3.89,81.84,0.0479,1452.46,7054,167,0.02367,8.7
2024-08-07,14165.76,182,5,3.88,77.83,0.0275,2252.96,8659,182,0.02102,12.38
2024-08-08,14373.83,199,7,3.5,72.23,0.0352,2426.63,8774,199,0.02268,12.19
2024-08-09,8215.62,117,3,4.24,70.22,0.0256,1305.62,6956,117,0.01682,11.16
2024-08-10,13336.3,181,7,3.87,73.68,0.0387,2441.9,10414,181,0.01738,13.49
2024-08-11,13321.7,178,7,3.8,74.84,0.0393,2587.47,8959,178,0.01987,14.54
2024-08-12,16598.27,227,9,3.59,73.12,0.0396,2391.53,10100,227,0.02248,10.54
2024-08-13,8401.05,129,3,3.85,65.12,0.0233,1781.45,8837,129,0.0146,13.81
2024-08-14,11107.27,177,4,3.93,62.75,0.0226,2470.59,9799,177,0.01806,13.96
2024-08-15,11329.89,161,4,3.68,70.37,0.0248,2203.26,9061,161,0.01777,13.68
2024-08-16,13041.14,165,10,3.81,79.04,0.0606,2406.86,9539,165,0.0173,14.59
2024-08-17,19255.88,244,6,3.76,78.92,0.0246,2331.95,10468,244,0.02331,9.56
2024-08-18,11736.4,157,3,3.86,74.75,0.0191,2509.36,8904,157,0.01763,15.98
2024-08-19,10147.58,149,6,3.81,68.1,0.0403,2588.23,10154,149,0.01467,17.37
2024-08-20,12191.32,166,4,3.6,73.44,0.0241,2128.59,8396,166,0.01977,12.82
2024-08-21,19913.15,263,6,3.75,75.72,0.0228,2299.44,9664,263,0.02721,8.74
2024-08-22,11904.59,155,5,3.82,76.8,0.0323,2637.42,9442,155,0.01642,17.02
2024-08-23,14241.17,197,3,3.94,72.29,0.0152,2153.37,9315,197,0.02115,10.93
2024-08-24,14278.44,193,6,3.87,73.98,0.0311,1982.11,8020,193,0.02406,10.27
2024-08-25,11262.31,155,5,3.99,72.66,0.0323,2612.62,9132,155,0.01697,16.86
2024-08-26,18075.91,257,5,3.69,70.33,0.0195,2702.21,9866,257,0.02605,10.51
2024-08-27,14588.69,218,11,3.88,66.92,0.0505,2651.07,10698,218,0.02038,12.16
2024-08-28,16076.8,225,5,3.62,71.45,0.0222,2450.25,9777,225,0.02301,10.89
2024-08-29,10295.43,149,3,4.17,69.1,0.0201,1379.54,7738,149,0.01926,9.26
2024-08-30,13116.1,170,4,3.74,77.15,0.0235,1977.46,9073,170,0.01874,11.63
2024-08-31,8997.57,134,3,3.84,67.15,0.0224,2171.39,9071,134,0.01477,16.2
2024-09-01,12188.5,168,6,3.78,72.55,0.0357,2391.7,10094,168,0.01664,14.24
2024-09-02,10358.01,142,6,3.64,72.94,0.0423,2790.89,9754,142,0.01456,19.65
2024-09-03,13158.8,169,4,3.86,77.86,0.0237,1821.81,8073,169,0.02093,10.78
2024-09-04,14430.34,213,6,3.92,67.75,0.0282,2984.77,10357,213,0.02057,14.01
2024-09-05,13173.5,178,11,3.67,74.01,0.0618,2066.19,8398,178,0.0212,11.61
2024-09-06,10071.35,140,4,3.68,71.94,0.0286,1931.58,8430,140,0.01661,13.8
2024-09-07,16101.86,223,6,3.66,72.21,0.0269,2671.82,10107,223,0.02206,11.98
2024-09-08,15091.98,203,9,3.76,74.34,0.0443,2699.51,9888,203,0.02053,13.3
2024-09-09,11998.34,176,5,3.62,68.17,0.0284,2427.48,9327,176,0.01887,13.79
2024-09-10,13116.17,180,3,3.64,72.87,0.0167,1930.69,8561,180,0.02103,10.73
2024-09-11,15139.05,209,4,3.65,72.44,0.0191,2375.71,8653,209,0.02415,11.37
2024-09-12,13577.95,183,4,3.96,74.2,0.0219,1838.25,8543,183,0.02142,10.05
2024-09-13,11289.49,158,3,3.67,71.45,0.019,1920.96,8153,158,0.01938,12.16
2024-09-14,14058.05,194,7,3.72,72.46,0.0361,2342.8,9754,194,0.01989,12.08
2024-09-15,14012.2,197,3,3.85,71.13,0.0152,2089.01,8753,197,0.02251,10.6
2024-09-16,14765.55,198,5,3.67,74.57,0.0253,2568.46,10310,198,0.0192,12.97
2024-09-17,13715.63,181,6,3.89,75.78,0.0331,1997.64,9169,181,0.01974,11.04
2024-09-18,11969.57,170,4,3.88,70.41,0.0235,2122.84,8203,170,0.02072,12.49
2024-09-19,11470.28,177,11,3.77,64.8,0.0621,1891.93,8709,177,0.02032,10.69
2024-09-20,15452.6,231,6,3.66,66.89,0.026,2563.16,10537,231,0.02192,11.1
2024-09-21,13527.460000000001,185,6,3.8,73.12,0.0324,2142.86,8686,185,0.0213,11.58
2024-09-22,17266.59,243,8,3.86,71.06,0.0329,2775.7,9936,243,0.02446,11.42
2024-09-23,15169.34,203,6,3.83,74.73,0.0296,2573.99,10131,203,0.02004,12.68
2024-09-24,10644.97,160,2,3.82,66.53,0.0125,2043.92,7899,160,0.02026,12.77
2024-09-25,12625.46,176,5,3.62,71.74,0.0284,2210.38,8533,176,0.02063,12.56
2024-09-26,8392.11,113,5,3.82,74.27,0.0442,2034.2,8056,113,0.01403,18.0
2024-09-27,8603.45,112,3,3.88,76.82,0.0268,2391.0,9791,112,0.01144,21.35
2024-09-28,12712.55,183,3,3.81,69.47,0.0164,2307.94,9153,183,0.01999,12.61
2024-09-29,11042.42,163,2,3.91,67.74,0.0123,2229.88,9250,163,0.01762,13.68
2024-09-30,8471.9,120,6,3.7,70.6,0.05,2216.16,8561,120,0.01402,18.47
2024-10-01,11753.38,171,5,3.77,68.73,0.0292,1866.22,9514,171,0.01797,10.91
2024-10-02,12528.23,204,8,3.73,61.41,0.0392,2393.45,9311,204,0.02191,11.73
2024-10-03,16250.84,218,7,3.82,74.55,0.0321,2647.36,9465,218,0.02303,12.14
2024-10-04,15810.35,206,2,3.85,76.75,0.0097,2468.32,9101,206,0.02263,11.98
2024-10-05,17032.3,249,10,3.73,68.4,0.0402,2946.68,11717,249,0.02125,11.83
2024-10-06,12933.49,200,8,3.74,64.67,0.04,2481.55,10876,200,0.01839,12.41
2024-10-07,18873.21,249,12,3.8,75.8,0.0482,2259.25,10321,249,0.02413,9.07
2024-10-08,12149.62,182,4,3.58,66.76,0.022,2028.94,8378,182,0.02172,11.15
2024-10-09,12047.0,176,4,3.7,68.45,0.0227,2277.99,9469,176,0.01859,12.94
2024-10-10,18954.99,246,8,3.91,77.05,0.0325,3108.06,12641,246,0.01946,12.63
2024-10-11,16174.82,223,4,3.68,72.53,0.0179,2516.44,9879,223,0.02257,11.28
2024-10-12,12511.58,184,4,4.01,68.0,0.0217,2408.66,9940,184,0.01851,13.09
2024-10-13,16709.95,232,6,3.59,72.03,0.0259,2261.45,9986,232,0.02323,9.75
2024-10-14,12520.64,170,13,4.18,73.65,0.0765,1860.51,9132,170,0.01862,10.94
2024-10-15,13688.81,187,9,3.7,73.2,0.0481,2129.36,9633,187,0.01941,11.39
2024-10-16,16545.5,236,7,3.6,70.11,0.0297,2685.72,10014,236,0.02357,11.38
2024-10-17,11855.41,169,8,3.75,70.15,0.0473,2270.54,9243,169,0.01828,13.44
2024-10-18,11569.74,146,1,3.54,79.24,0.0068,2084.64,9062,146,0.01611,14.28
2024-10-19,13244.74,218,5,3.62,60.76,0.0229,2316.74,9666,218,0.02255,10.63
2024-10-20,15203.08,211,5,3.8,72.05,0.0237,2840.92,10359,211,0.02037,13.46
2024-10-21,15486.86,220,9,3.9,70.39,0.0409,2391.56,10908,220,0.02017,10.87
2024-10-22,11928.78,174,4,3.46,68.56,0.023,2200.48,9216,174,0.01888,12.65
2024-10-23,20862.34,264,10,3.83,79.02,0.0379,2312.06,9462,264,0.0279,8.76
2024-10-24,14582.02,205,4,3.81,71.13,0.0195,3192.06,11153,205,0.01838,15.57
2024-10-25,15745.79,212,0,3.95,74.27,0.0,2846.87,10640,212,0.01992,13.43
2024-10-26,17467.7,247,3,3.59,70.72,0.0121,3127.62,11905,247,0.02075,12.66
2024-10-27,14566.16,192,6,3.51,75.87,0.0312,2000.36,9223,192,0.02082,10.42
2024-10-28,13283.48,190,9,3.94,69.91,0.0474,2367.11,10461,190,0.01816,12.46
2024-10-29,15223.24,217,4,3.9,70.15,0.0184,2194.32,9807,217,0.02213,10.11
2024-10-30,12916.3,190,6,3.9,67.98,0.0316,2610.34,10125,190,0.01877,13.74
2024-10-31,11718.78,165,3,3.95,71.02,0.0182,2790.93,10183,165,0.0162,16.91
2024-11-01,13450.53,218,1,3.75,61.7,0.0046,3084.25,12991,218,0.01678,14.15
2024-11-02,18096.03,282,6,3.87,64.17,0.0213,2902.24,12415,282,0.02271,10.29
2024-11-03,19287.21,283,4,4.0,68.15,0.0141,2976.25,11907,283,0.02377,10.52
2024-11-04,15341.49,208,7,3.99,73.76,0.0337,3187.2,13148,208,0.01582,15.32
2024-11-05,17405.06,265,13,3.64,65.68,0.0491,3222.03,12166,265,0.02178,12.16
2024-11-06,15253.36,206,7,3.53,74.05,0.034,3019.33,12737,206,0.01617,14.66
2024-11-07,14664.23,226,2,3.89,64.89,0.0088,3015.43,10700,226,0.02112,13.34
2024-11-08,15159.51,209,9,3.81,72.53,0.0431,2987.54,11935,209,0.01751,14.29
2024-11-09,19738.13,303,7,3.74,65.14,0.0231,3301.78,13967,303,0.02169,10.9
2024-11-10,20403.77,296,13,3.71,68.93,0.0439,3458.19,13572,296,0.02181,11.68
2024-11-11,18136.04,256,6,3.64,70.84,0.0234,3190.56,12900,256,0.01984,12.46
2024-11-12,14639.03,209,10,3.67,70.04,0.0478,2978.25,11597,209,0.01802,14.25
2024-11-13,16818.170000000002,243,7,3.92,69.21,0.0288,2952.83,12299,243,0.01976,12.15
2024-11-14,13875.78,198,7,3.75,70.08,0.0354,2939.45,12067,198,0.01641,14.85
2024-11-15,15463.64,209,8,3.79,73.99,0.0383,2696.88,11750,209,0.01779,12.9
2024-11-16,17282.92,268,9,3.47,64.49,0.0336,2930.04,13789,268,0.01944,10.93
2024-11-17,19844.87,273,11,3.63,72.69,0.0403,3397.98,14237,273,0.01918,12.45
2024-11-18,15555.79,222,5,3.68,70.07,0.0225,2720.5,12124,222,0.01831,12.25
2024-11-19,20960.51,297,10,3.58,70.57,0.0337,3254.88,13147,297,0.02259,10.96
2024-11-20,13921.55,197,8,3.56,70.67,0.0406,2952.03,11543,197,0.01707,14.98
2024-11-21,18867.0,281,7,3.8,67.14,0.0249,3256.86,12385,281,0.02269,11.59
2024-11-22,14351.49,213,4,3.78,67.38,0.0188,3192.94,11627,213,0.01832,14.99
2024-11-23,23096.5,321,8,3.86,71.95,0.0249,3502.63,12891,321,0.0249,10.91
2024-11-24,17360.67,266,9,3.67,65.27,0.0338,3040.87,12244,266,0.02172,11.43
2024-11-25,17372.57,257,9,3.74,67.6,0.035,3113.11,12377,257,0.02076,12.11
2024-11-26,13041.47,207,4,3.66,63.0,0.0193,3228.26,11878,207,0.01743,15.6
2024-11-27,16319.45,254,5,3.66,64.25,0.0197,2427.04,11067,254,0.02295,9.56
2024-11-28,22441.510000000002,307,4,3.65,73.1,0.013,3565.59,13162,307,0.02332,11.61
2024-11-29,19929.26,280,8,3.79,71.18,0.0286,3763.08,12949,280,0.02162,13.44
2024-11-30,22805.95,343,15,3.74,66.49,0.0437,3539.15,14638,343,0.02343,10.32
2024-12-01,26350.95,289,4,4.64,91.18,0.0138,3489.66,12834,289,0.02252,12.07
2024-12-02,26152.83,263,7,4.78,99.44,0.0266,3176.07,13184,263,0.01995,12.08
2024-12-03,21981.13,244,6,4.75,90.09,0.0246,2856.8,10555,244,0.02312,11.71
2024-12-04,23152.68,244,11,4.66,94.89,0.0451,2931.44,11964,244,0.02039,12.01
2024-12-05,30130.26,322,11,4.73,93.57,0.0342,3307.54,12045,322,0.02673,10.27
2024-12-06,23595.75,255,7,4.88,92.53,0.0275,2629.37,11083,255,0.02301,10.31
2024-12-07,30282.72,327,15,4.72,92.61,0.0459,2836.35,13473,327,0.02427,8.67
2024-12-08,24495.62,290,13,4.83,84.47,0.0448,3068.53,12620,290,0.02298,10.58
2024-12-09,25025.07,262,11,4.85,95.52,0.042,3199.69,11896,262,0.02202,12.21
2024-12-10,24342.44,248,5,4.77,98.16,0.0202,2666.92,11839,248,0.02095,10.75
2024-12-11,23227.16,255,6,4.65,91.09,0.0235,2891.1,11759,255,0.02169,11.34
2024-12-12,23398.0,242,5,4.88,96.69,0.0207,2932.66,12142,242,0.01993,12.12
2024-12-13,24335.08,256,7,4.93,95.06,0.0273,2615.85,10901,256,0.02348,10.22
2024-12-14,25627.52,272,7,4.76,94.22,0.0257,2353.68,10951,272,0.02484,8.65
2024-12-15,29564.42,313,13,4.9,94.46,0.0415,2848.32,11937,313,0.02622,9.1
2024-12-16,22538.55,239,5,4.75,94.3,0.0209,3061.31,12775,239,0.01871,12.81
2024-12-17,26000.41,281,8,4.7,92.53,0.0285,3140.15,12310,281,0.02283,11.17
2024-12-18,23050.21,245,8,4.73,94.08,0.0327,3143.03,11822,245,0.02072,12.83
2024-12-19,25557.34,279,9,4.63,91.6,0.0323,3183.35,12625,279,0.0221,11.41
2024-12-20,20611.24,222,6,4.99,92.84,0.027,2750.76,11754,222,0.01889,12.39
2024-12-21,26597.73,274,11,4.76,97.07,0.0401,2913.39,12878,274,0.02128,10.63
2024-12-22,29079.14,313,8,4.68,92.9,0.0256,3338.87,13053,313,0.02398,10.67
2024-12-23,24859.63,258,9,4.9,96.36,0.0349,2895.89,11935,258,0.02162,11.22
2024-12-24,28248.170000000002,310,8,4.69,91.12,0.0258,3287.48,12979,310,0.02388,10.6
2024-12-25,23401.66,234,7,4.76,100.01,0.0299,3103.48,11771,234,0.01988,13.26
2024-12-26,30551.84,334,19,4.64,91.47,0.0569,3419.34,13508,334,0.02473,10.24
2024-12-27,23666.99,267,10,4.65,88.64,0.0375,2807.06,11823,267,0.02258,10.51
2024-12-28,26054.76,299,10,4.91,87.14,0.0334,3581.24,13142,299,0.02275,11.98
2024-12-29,29500.36,289,9,4.77,102.08,0.0311,3919.74,13780,289,0.02097,13.56
2024-12-30,25580.18,274,6,4.96,93.36,0.0219,2988.81,12099,274,0.02265,10.91
2024-12-31,24697.68,262,2,4.74,94.27,0.0076,3144.76,12124,262,0.02161,12.0
2025-01-01,9134.45,122,5,3.89,74.87,0.041,1698.32,8095,122,0.01507,13.92
2025-01-02,12181.38,177,7,4.13,68.82,0.0395,2336.92,8684,177,0.02038,13.2
2025-01-03,14108.99,185,9,3.7,76.26,0.0486,2419.17,9194,185,0.02012,13.08
2025-01-04,14201.6,190,16,3.71,74.75,0.0842,2012.86,8084,190,0.0235,10.59
2025-01-05,8734.630000000001,137,7,3.76,63.76,0.0511,2391.08,9298,137,0.01473,17.45
2025-01-06,12482.07,161,3,4.0,77.53,0.0186,2122.17,9237,161,0.01743,13.18
2025-01-07,11772.06,172,6,3.63,68.44,0.0349,2160.77,8432,172,0.0204,12.56
2025-01-08,8251.84,121,3,3.58,68.2,0.0248,2308.21,8469,121,0.01429,19.08
2025-01-09,11164.05,156,6,3.62,71.56,0.0385,2205.61,8088,156,0.01929,14.14
2025-01-10,13159.46,179,9,3.81,73.52,0.0503,1975.35,8157,179,0.02194,11.04
2025-01-11,13002.77,165,8,3.77,78.8,0.0485,2477.57,10322,165,0.01599,15.02
2025-01-12,11999.14,172,3,3.77,69.76,0.0174,2575.07,8843,172,0.01945,14.97
2025-01-13,10949.65,161,7,3.65,68.01,0.0435,1830.03,7863,161,0.02048,11.37
2025-01-14,7998.7,122,4,3.87,65.56,0.0328,2023.37,7232,122,0.01687,16.58
2025-01-15,9135.97,127,7,3.72,71.94,0.0551,1404.96,6839,127,0.01857,11.06
2025-01-16,13033.01,175,8,3.98,74.47,0.0457,2228.26,8807,175,0.01987,12.73
2025-01-17,12460.58,179,12,3.88,69.61,0.067,2452.09,8126,179,0.02203,13.7
2025-01-18,14459.57,196,6,3.82,73.77,0.0306,2095.87,8484,196,0.0231,10.69
2025-01-19,13566.67,198,6,4.02,68.52,0.0303,2232.62,9185,198,0.02156,11.28
2025-01-20,12158.01,168,8,3.81,72.37,0.0476,1946.93,8193,168,0.02051,11.59
2025-01-21,9982.71,145,7,3.68,68.85,0.0483,1889.64,8209,145,0.01766,13.03
2025-01-22,9400.789999999999,139,5,3.59,67.63,0.036,2105.26,7831,139,0.01775,15.15
2025-01-23,12762.8,154,7,3.82,82.88,0.0455,1749.52,7914,154,0.01946,11.36
2025-01-24,10035.37,142,7,3.96,70.67,0.0493,1941.65,7745,142,0.01833,13.67
2025-01-25,10960.91,142,9,3.96,77.19,0.0634,1869.33,8749,142,0.01623,13.16
2025-01-26,13501.64,176,5,3.84,76.71,0.0284,2392.1,7927,176,0.0222,13.59
2025-01-27,11155.88,142,2,3.89,78.56,0.0141,2107.73,8246,142,0.01722,14.84
2025-01-28,13025.5,177,7,4.03,73.59,0.0395,1873.07,8034,177,0.02203,10.58
2025-01-29,12015.77,170,7,3.89,70.68,0.0412,2036.98,9095,170,0.01869,11.98
2025-01-30,11820.26,156,7,3.68,75.77,0.0449,1946.75,8166,156,0.0191,12.48
2025-01-31,10035.77,142,2,4.2,70.67,0.0141,2424.36,9135,142,0.01554,17.07
2025-02-01,17227.31,244,5,3.87,70.6,0.0205,2221.65,9630,244,0.02534,9.11
2025-02-02,16902.96,234,6,3.78,72.23,0.0256,2598.27,10872,234,0.02152,11.1
2025-02-03,11726.15,178,8,3.84,65.88,0.0449,1953.18,8281,178,0.02149,10.97
2025-02-04,10411.15,140,5,3.73,74.37,0.0357,2484.98,8679,140,0.01613,17.75
2025-02-05,10014.9,148,8,3.88,67.67,0.0541,2563.06,8713,148,0.01699,17.32
2025-02-06,13082.91,170,3,3.56,76.96,0.0176,2579.58,10099,170,0.01683,15.17
2025-02-07,16047.960000000001,224,6,3.77,71.64,0.0268,2714.86,10092,224,0.0222,12.12
2025-02-08,12337.39,164,2,4.02,75.23,0.0122,2478.36,9739,164,0.01684,15.11
2025-02-09,15885.92,233,4,3.79,68.18,0.0172,2809.28,10169,233,0.02291,12.06
2025-02-10,14243.7,202,3,3.84,70.51,0.0149,2768.46,10168,202,0.01987,13.71
2025-02-11,12648.81,169,5,3.69,74.85,0.0296,1807.28,8359,169,0.02022,10.69
2025-02-12,13262.6,195,9,3.73,68.01,0.0462,1988.87,8866,195,0.02199,10.2
2025-02-13,9088.33,125,3,3.67,72.71,0.024,1676.5,7320,125,0.01708,13.41
2025-02-14,13474.34,179,7,3.67,75.28,0.0391,2571.4,8627,179,0.02075,14.37
2025-02-15,11106.28,174,4,3.95,63.83,0.023,1848.01,8147,174,0.02136,10.62
2025-02-16,14010.31,186,4,3.81,75.32,0.0215,1753.06,7704,186,0.02414,9.43
2025-02-17,9542.23,150,4,4.08,63.61,0.0267,1815.91,7408,150,0.02025,12.11
2025-02-18,12778.09,166,7,3.7,76.98,0.0422,1591.59,8765,166,0.01894,9.59
2025-02-19,13270.91,160,4,3.76,82.94,0.025,2295.26,7800,160,0.02051,14.35
2025-02-20,12329.07,172,6,3.7,71.68,0.0349,1820.41,8540,172,0.02014,10.58
2025-02-21,12201.15,171,5,3.66,71.35,0.0292,1608.4,8400,171,0.02036,9.41
2025-02-22,12283.89,178,8,3.66,69.01,0.0449,2361.34,10263,178,0.01734,13.27
2025-02-23,14213.57,188,3,3.87,75.6,0.016,2381.99,9876,188,0.01904,12.67
2025-02-24,9233.84,120,1,3.68,76.95,0.0083,1545.58,8528,120,0.01407,12.88
2025-02-25,14282.44,197,5,3.76,72.5,0.0254,1950.2,9575,197,0.02057,9.9
2025-02-26,10604.73,150,2,3.89,70.7,0.0133,2173.88,8749,150,0.01714,14.49
2025-02-27,14328.32,193,4,3.73,74.24,0.0207,2075.11,9011,193,0.02142,10.75
2025-02-28,13098.62,183,6,3.8,71.58,0.0328,2084.68,9526,183,0.01921,11.39
2025-03-01,17255.0,227,10,3.7,76.01,0.0441,2788.75,9965,227,0.02278,12.29
2025-03-02,10900.64,145,3,3.45,75.18,0.0207,3127.29,10978,145,0.01321,21.57
2025-03-03,10247.52,134,6,3.9,76.47,0.0448,2090.35,8396,134,0.01596,15.6
2025-03-04,12018.5,175,3,3.62,68.68,0.0171,1737.34,8377,175,0.02089,9.93
2025-03-05,11006.29,156,5,3.76,70.55,0.0321,2117.9,7685,156,0.0203,13.58
2025-03-06,11519.24,165,6,3.59,69.81,0.0364,2268.0,9971,165,0.01655,13.75
2025-03-07,13578.53,191,5,3.7,71.09,0.0262,2181.35,9264,191,0.02062,11.42
2025-03-08,14763.32,209,5,3.65,70.64,0.0239,2589.74,10458,209,0.01998,12.39
2025-03-09,12286.58,176,5,3.85,69.81,0.0284,3150.17,9751,176,0.01805,17.9
2025-03-10,11400.02,163,8,3.77,69.94,0.0491,1600.41,7216,163,0.02259,9.82
2025-03-11,14597.41,204,9,3.66,71.56,0.0441,2022.52,9537,204,0.02139,9.91
2025-03-12,14758.710000000001,180,6,4.03,81.99,0.0333,2739.4,9898,180,0.01819,15.22
2025-03-13,11820.36,160,4,3.89,73.88,0.025,2017.28,7598,160,0.02106,12.61
2025-03-14,18462.05,229,7,3.76,80.62,0.0306,2476.32,9637,229,0.02376,10.81
2025-03-15,14914.06,198,10,3.83,75.32,0.0505,2596.82,10525,198,0.01881,13.12
2025-03-16,16866.58,226,11,3.78,74.63,0.0487,2808.91,10839,226,0.02085,12.43
2025-03-17,16271.05,219,12,3.76,74.3,0.0548,2869.67,10162,219,0.02155,13.1
2025-03-18,12604.54,184,4,3.86,68.5,0.0217,2316.58,9882,184,0.01862,12.59
2025-03-19,11710.02,154,4,4.09,76.04,0.026,1588.96,7397,154,0.02082,10.32
2025-03-20,12036.32,163,2,3.84,73.84,0.0123,1954.86,8838,163,0.01844,11.99
2025-03-21,13245.75,181,6,3.46,73.18,0.0331,2965.12,10514,181,0.01722,16.38
2025-03-22,11793.49,167,7,3.71,70.62,0.0419,1881.03,8678,167,0.01924,11.26
2025-03-23,10773.85,149,9,3.7,72.31,0.0604,2549.88,9801,149,0.0152,17.11
2025-03-24,7302.74,104,2,3.76,70.22,0.0192,1319.92,7101,104,0.01465,12.69
2025-03-25,10851.31,152,0,3.52,71.39,0.0,1727.07,8100,152,0.01877,11.36
2025-03-26,13940.42,185,10,3.89,75.35,0.0541,2510.43,9394,185,0.01969,13.57
2025-03-27,11279.48,161,9,3.94,70.06,0.0559,2212.59,9443,161,0.01705,13.74
2025-03-28,14039.66,196,12,3.89,71.63,0.0612,2068.25,8408,196,0.02331,10.55
2025-03-29,13561.09,184,8,3.77,73.7,0.0435,2090.98,10097,184,0.01822,11.36
2025-03-30,14833.03,178,6,3.89,83.33,0.0337,1677.21,8022,178,0.02219,9.42
2025-03-31,15211.64,206,7,3.82,73.84,0.034,2442.69,9993,206,0.02061,11.86
2025-04-01,15624.59,209,1,3.52,74.76,0.0048,2100.9,9369,209,0.02231,10.05
2025-04-02,11153.02,155,2,3.79,71.95,0.0129,1667.35,8067,155,0.01921,10.76
2025-04-03,10070.880000000001,150,6,3.81,67.14,0.04,2210.57,9046,150,0.01658,14.74
2025-04-04,13690.95,194,2,3.98,70.57,0.0103,2403.44,8929,194,0.02173,12.39
2025-04-05,17434.95,254,6,3.86,68.64,0.0236,2305.76,9254,254,0.02745,9.08
2025-04-06,10612.27,145,5,3.86,73.19,0.0345,2416.6,9907,145,0.01464,16.67
2025-04-07,12139.75,179,7,3.72,67.82,0.0391,2213.34,8978,179,0.01994,12.37
2025-04-08,13010.62,186,6,3.89,69.95,0.0323,1952.62,9219,186,0.02018,10.5
2025-04-09,11149.08,166,3,4.0,67.16,0.0181,2218.99,8743,166,0.01899,13.37
2025-04-10,9486.67,123,5,3.78,77.13,0.0407,2457.33,9232,123,0.01332,19.98
2025-04-11,12008.37,167,7,3.68,71.91,0.0419,2562.13,8669,167,0.01926,15.34
2025-04-12,13013.99,191,10,3.79,68.14,0.0524,2652.76,10610,191,0.018,13.89
2025-04-13,14863.84,238,6,3.7,62.45,0.0252,2139.72,9581,238,0.02484,8.99
2025-04-14,14850.94,209,7,4.0,71.06,0.0335,2422.67,9989,209,0.02092,11.59
2025-04-15,13048.02,185,5,3.99,70.53,0.027,2362.91,9909,185,0.01867,12.77
2025-04-16,12230.25,153,7,3.73,79.94,0.0458,1951.6,8981,153,0.01704,12.76
2025-04-17,15211.06,208,12,3.74,73.13,0.0577,2037.49,9169,208,0.02269,9.8
2025-04-18,15371.75,208,2,3.79,73.9,0.0096,2437.89,9798,208,0.02123,11.72
2025-04-19,13570.02,185,5,3.91,73.35,0.027,2857.92,11072,185,0.01671,15.45
2025-04-20,10247.789999999999,148,3,3.97,69.24,0.0203,1741.91,7388,148,0.02003,11.77
2025-04-21,11969.92,153,1,3.61,78.23,0.0065,2774.02,9410,153,0.01626,18.13
2025-04-22,9576.03,123,2,3.66,77.85,0.0163,2607.46,8996,123,0.01367,21.2
2025-04-23,14578.39,206,8,4.02,70.77,0.0388,2269.69,9874,206,0.02086,11.02
2025-04-24,11707.94,162,6,3.94,72.27,0.037,2115.75,8350,162,0.0194,13.06
2025-04-25,14162.19,171,7,3.89,82.82,0.0409,2336.65,8865,171,0.01929,13.66
2025-04-26,12397.97,171,8,3.85,72.5,0.0468,2151.8,9276,171,0.01843,12.58
2025-04-27,12076.57,173,5,3.75,69.81,0.0289,2313.81,8834,173,0.01958,13.37
2025-04-28,11507.83,157,4,3.79,73.3,0.0255,1683.74,8227,157,0.01908,10.72
2025-04-29,8204.76,119,5,3.46,68.95,0.042,1590.47,6543,119,0.01819,13.37
2025-04-30,17559.98,249,6,3.69,70.52,0.0241,3016.31,9824,249,0.02535,12.11
2025-05-01,10666.66,151,3,3.95,70.64,0.0199,2222.08,9141,151,0.01652,14.72
2025-05-02,13519.960000000001,167,4,3.87,80.96,0.024,2271.29,8370,167,0.01995,13.6
2025-05-03,16515.56,237,6,3.71,69.69,0.0253,2365.24,10457,237,0.02266,9.98
2025-05-04,13558.37,188,3,3.7,72.12,0.016,2086.28,9175,188,0.02049,11.1
2025-05-05,12155.289999999999,184,4,3.66,66.06,0.0217,2092.53,9455,184,0.01946,11.37
2025-05-06,10049.14,155,3,3.76,64.83,0.0194,2231.92,9255,155,0.01675,14.4
2025-05-07,10102.38,151,4,3.76,66.9,0.0265,2131.18,8842,151,0.01708,14.11
2025-05-08,10883.97,141,4,3.77,77.19,0.0284,1936.73,7881,141,0.01789,13.74
2025-05-09,14363.87,208,4,3.83,69.06,0.0192,2367.82,9856,208,0.0211,11.38
2025-05-10,12404.86,175,3,3.75,70.88,0.0171,2441.93,10088,175,0.01735,13.95
2025-05-11,15286.95,224,4,3.65,68.25,0.0179,2513.52,11210,224,0.01998,11.22
2025-05-12,13582.67,203,11,3.8,66.91,0.0542,2446.77,9945,203,0.02041,12.05
2025-05-13,12383.01,165,8,3.81,75.05,0.0485,2140.32,8628,165,0.01912,12.97
2025-05-14,13634.94,186,8,3.7,73.31,0.043,2140.89,9041,186,0.02057,11.51
2025-05-15,14554.73,177,5,3.72,82.23,0.0282,2718.86,10219,177,0.01732,15.36
2025-05-16,12545.53,191,4,3.63,65.68,0.0209,1869.59,9049,191,0.02111,9.79
2025-05-17,12557.630000000001,175,3,3.83,71.76,0.0171,1720.23,9245,175,0.01893,9.83
2025-05-18,16248.48,233,11,3.76,69.74,0.0472,2570.44,9970,233,0.02337,11.03
2025-05-19,11980.0,162,9,3.53,73.95,0.0556,1979.73,7832,162,0.02068,12.22
2025-05-20,9922.94,127,4,3.91,78.13,0.0315,1822.93,7151,127,0.01776,14.35
2025-05-21,11408.23,161,4,3.87,70.86,0.0248,2509.83,8884,161,0.01812,15.59
2025-05-22,11522.63,150,4,3.61,76.82,0.0267,2149.33,8528,150,0.01759,14.33
2025-05-23,13213.47,178,5,3.79,74.23,0.0281,1757.75,9042,178,0.01969,9.88
2025-05-24,13759.77,194,3,3.62,70.93,0.0155,3053.23,11896,194,0.01631,15.74
2025-05-25,13759.98,193,2,3.82,71.3,0.0104,1812.26,9203,193,0.02097,9.39
2025-05-26,18941.41,256,7,3.76,73.99,0.0273,2169.66,9660,256,0.0265,8.48
2025-05-27,9937.57,142,1,4.06,69.98,0.007,1538.75,7299,142,0.01945,10.84
2025-05-28,12540.92,163,5,3.8,76.94,0.0307,2294.73,8250,163,0.01976,14.08
2025-05-29,11669.68,157,3,3.78,74.33,0.0191,1975.61,7949,157,0.01975,12.58
2025-05-30,9796.22,139,2,3.77,70.48,0.0144,2486.75,8303,139,0.01674,17.89
2025-05-31,9333.05,133,5,3.78,70.17,0.0376,2369.91,9018,133,0.01475,17.82
2025-06-01,13322.76,195,11,4.15,68.32,0.0564,2848.71,10292,195,0.01895,14.61
2025-06-02,12245.69,169,1,3.83,72.46,0.0059,2049.6,8794,169,0.01922,12.13
2025-06-03,11854.31,164,8,3.82,72.28,0.0488,1638.41,7994,164,0.02052,9.99
2025-06-04,12419.29,170,7,3.66,73.05,0.0412,2283.13,8724,170,0.01949,13.43
2025-06-05,13665.37,194,7,3.95,70.44,0.0361,2111.6,9153,194,0.0212,10.88
2025-06-06,7993.56,116,1,3.66,68.91,0.0086,1563.26,7367,116,0.01575,13.48
2025-06-07,14987.09,196,5,3.77,76.46,0.0255,2006.62,9002,196,0.02177,10.24
2025-06-08,11081.89,146,3,3.78,75.9,0.0205,2118.0,8542,146,0.01709,14.51
2025-06-09,18618.71,259,6,3.63,71.89,0.0232,2744.38,10667,259,0.02428,10.6
2025-06-10,10757.67,153,3,3.81,70.31,0.0196,2447.61,9462,153,0.01617,16.0
2025-06-11,12669.99,177,7,3.82,71.58,0.0395,2078.29,9156,177,0.01933,11.74
2025-06-12,11209.19,154,6,3.47,72.79,0.039,2364.8,8563,154,0.01798,15.36
2025-06-13,10232.09,145,4,3.87,70.57,0.0276,1486.19,7728,145,0.01876,10.25
2025-06-14,15012.83,205,5,3.57,73.23,0.0244,2178.28,9666,205,0.02121,10.63
2025-06-15,9566.9,143,3,3.85,66.9,0.021,2516.35,8738,143,0.01637,17.6
2025-06-16,11945.51,159,6,4.21,75.13,0.0377,2257.88,9790,159,0.01624,14.2
2025-06-17,10468.3,155,8,3.75,67.54,0.0516,2011.23,7871,155,0.01969,12.98
2025-06-18,14714.65,186,8,3.81,79.11,0.043,2186.59,9081,186,0.02048,11.76
2025-06-19,13660.58,178,4,3.72,76.74,0.0225,2318.34,10277,178,0.01732,13.02
2025-06-20,12915.22,184,8,3.72,70.19,0.0435,2196.73,9546,184,0.01928,11.94
2025-06-21,14293.28,200,2,3.83,71.47,0.01,2677.35,9377,200,0.02133,13.39
2025-06-22,14126.59,200,7,3.54,70.63,0.035,2487.55,9803,200,0.0204,12.44
2025-06-23,17547.78,226,8,3.8,77.65,0.0354,2378.93,10060,226,0.02247,10.53
2025-06-24,14222.65,203,9,4.01,70.06,0.0443,2799.74,9629,203,0.02108,13.79
2025-06-25,10021.28,147,6,3.64,68.17,0.0408,2489.63,9314,147,0.01578,16.94
2025-06-26,13668.2,189,8,3.73,72.32,0.0423,2809.34,9905,189,0.01908,14.86
2025-06-27,12673.76,178,2,3.76,71.2,0.0112,1964.83,8875,178,0.02006,11.04
2025-06-28,14921.67,197,6,3.83,75.74,0.0305,1818.66,7717,197,0.02553,9.23
2025-06-29,17058.62,235,8,3.64,72.59,0.034,2326.9,9980,235,0.02355,9.9
2025-06-30,11745.13,167,7,3.83,70.33,0.0419,2121.04,8456,167,0.01975,12.7
2025-07-01,14435.12,202,5,4.09,71.46,0.0248,2710.79,9943,202,0.02032,13.42
2025-07-02,14661.880000000001,191,7,3.87,76.76,0.0366,1804.48,8093,191,0.0236,9.45
2025-07-03,13193.86,182,3,3.7,72.49,0.0165,2172.39,9287,182,0.0196,11.94
2025-07-04,15648.81,209,11,3.8,74.87,0.0526,2341.81,9236,209,0.02263,11.2
2025-07-05,14744.11,198,10,3.82,74.47,0.0505,2411.04,10629,198,0.01863,12.18
2025-07-06,17039.84,240,3,3.83,71.0,0.0125,2315.96,10177,240,0.02358,9.65
2025-07-07,15468.38,201,6,3.75,76.96,0.0299,2325.5,8741,201,0.023,11.57
2025-07-08,15298.75,213,9,4.07,71.83,0.0423,2577.68,10516,213,0.02025,12.1
2025-07-09,12548.09,190,10,3.76,66.04,0.0526,2737.51,10192,190,0.01864,14.41
2025-07-10,12608.11,168,6,3.79,75.05,0.0357,2211.48,9103,168,0.01846,13.16
2025-07-11,9483.05,140,5,3.69,67.74,0.0357,1914.45,8946,140,0.01565,13.67
2025-07-12,12977.29,200,6,3.91,64.89,0.03,2913.09,10094,200,0.01981,14.57
2025-07-13,11859.26,156,5,3.8,76.02,0.0321,1998.83,8154,156,0.01913,12.81
2025-07-14,13393.38,190,5,3.75,70.49,0.0263,2826.7,10185,190,0.01865,14.88
2025-07-15,11914.68,149,6,3.61,79.96,0.0403,2670.45,9510,149,0.01567,17.92
2025-07-16,17005.75,217,7,3.83,78.37,0.0323,2721.29,11214,217,0.01935,12.54
2025-07-17,14172.95,193,7,3.79,73.43,0.0363,2439.89,8977,193,0.0215,12.64
2025-07-18,11927.0,162,4,3.83,73.62,0.0247,1460.63,7599,162,0.02132,9.02
2025-07-19,13492.84,165,8,3.83,81.77,0.0485,2012.31,9122,165,0.01809,12.2
2025-07-20,17272.78,250,7,4.0,69.09,0.028,2483.41,10641,250,0.02349,9.93
2025-07-21,9108.77,135,3,3.67,67.47,0.0222,1963.52,7933,135,0.01702,14.54
2025-07-22,14913.09,192,1,3.78,77.67,0.0052,2089.65,7803,192,0.02461,10.88
2025-07-23,14178.58,176,4,3.53,80.56,0.0227,2414.48,10224,176,0.01721,13.72
2025-07-24,14456.91,197,5,3.79,73.39,0.0254,2140.51,8915,197,0.0221,10.87
2025-07-25,13700.58,196,2,3.71,69.9,0.0102,1773.34,8655,196,0.02265,9.05
2025-07-26,16571.36,228,3,3.79,72.68,0.0132,2685.98,10801,228,0.02111,11.78
2025-07-27,14883.95,227,4,3.94,65.57,0.0176,2556.22,10658,227,0.0213,11.26
2025-07-28,12921.01,183,7,3.86,70.61,0.0383,2112.85,8587,183,0.02131,11.55
2025-07-29,12234.34,165,3,4.02,74.15,0.0182,2448.94,9063,165,0.01821,14.84
2025-07-30,12066.58,160,4,3.48,75.42,0.025,2233.27,7845,160,0.0204,13.96
2025-07-31,11317.22,162,2,4.11,69.86,0.0123,2665.98,9268,162,0.01748,16.46
2025-08-01,16422.27,216,3,4.04,76.03,0.0139,2252.92,9117,216,0.02369,10.43
2025-08-02,12483.13,173,5,3.79,72.16,0.0289,2839.37,10157,173,0.01703,16.41
2025-08-03,14656.0,195,2,3.53,75.16,0.0103,1720.22,7767,195,0.02511,8.82
2025-08-04,11929.3,168,2,3.96,71.01,0.0119,2360.73,9315,168,0.01804,14.05
2025-08-05,12588.43,182,5,3.47,69.17,0.0275,2060.75,9521,182,0.01912,11.32
2025-08-06,14369.97,204,6,3.43,70.44,0.0294,1899.33,8375,204,0.02436,9.31
2025-08-07,12964.06,188,6,3.84,68.96,0.0319,2605.48,9070,188,0.02073,13.86
2025-08-08,15252.18,221,6,3.77,69.01,0.0271,2511.18,10334,221,0.02139,11.36
2025-08-09,11765.66,161,6,3.84,73.08,0.0373,1673.73,7899,161,0.02038,10.4
2025-08-10,13869.29,196,4,3.68,70.76,0.0204,2626.42,11061,196,0.01772,13.4
2025-08-11,11762.66,155,6,3.8,75.89,0.0387,2407.95,9217,155,0.01682,15.54
2025-08-12,11135.91,148,3,3.87,75.24,0.0203,1946.92,8561,148,0.01729,13.15
2025-08-13,15465.26,199,9,3.68,77.71,0.0452,1907.64,9361,199,0.02126,9.59
2025-08-14,10248.48,141,10,3.94,72.68,0.0709,1643.3,7111,141,0.01983,11.65
2025-08-15,11211.98,162,3,4.17,69.21,0.0185,2081.86,8125,162,0.01994,12.85
2025-08-16,16835.59,228,3,3.87,73.84,0.0132,2313.88,9384,228,0.0243,10.15
2025-08-17,18228.44,255,8,3.72,71.48,0.0314,2654.95,10144,255,0.02514,10.41
2025-08-18,14734.58,205,4,3.77,71.88,0.0195,2294.28,10744,205,0.01908,11.19
2025-08-19,9998.79,137,3,3.66,72.98,0.0219,1829.03,7742,137,0.0177,13.35
2025-08-20,13255.1,181,8,3.83,73.23,0.0442,2283.61,8356,181,0.02166,12.62
2025-08-21,13219.02,180,6,3.63,73.44,0.0333,2111.08,8249,180,0.02182,11.73
2025-08-22,12226.7,172,7,3.87,71.09,0.0407,1872.81,8497,172,0.02024,10.89
2025-08-23,15013.85,208,5,4.01,72.18,0.024,1819.67,8936,208,0.02328,8.75
2025-08-24,15018.97,199,7,3.86,75.47,0.0352,2594.68,9689,199,0.02054,13.04
2025-08-25,11166.14,152,6,3.52,73.46,0.0395,2356.24,9289,152,0.01636,15.5
2025-08-26,12491.93,168,5,3.92,74.36,0.0298,2394.87,10517,168,0.01597,14.26
2025-08-27,12373.71,176,5,3.52,70.31,0.0284,1945.11,8516,176,0.02067,11.05
2025-08-28,12341.44,180,7,3.7,68.56,0.0389,2259.88,9286,180,0.01938,12.55
2025-08-29,12189.26,191,7,3.72,63.82,0.0366,1718.62,9198,191,0.02077,9.0
2025-08-30,13272.91,169,5,3.86,78.54,0.0296,2030.7,8623,169,0.0196,12.02
2025-08-31,9617.26,138,3,3.58,69.69,0.0217,2387.81,9262,138,0.0149,17.3
2025-09-01,10801.2,153,7,3.89,70.6,0.0458,2291.82,8872,153,0.01725,14.98
2025-09-02,10078.69,148,5,3.69,68.1,0.0338,1629.91,7580,148,0.01953,11.01
2025-09-03,9597.66,126,5,3.34,76.17,0.0397,1829.86,7184,126,0.01754,14.52
2025-09-04,14625.43,191,7,3.72,76.57,0.0366,2072.11,8819,191,0.02166,10.85
2025-09-05,12699.78,178,5,3.93,71.35,0.0281,2535.48,9747,178,0.01826,14.24
2025-09-06,11904.49,160,6,3.81,74.4,0.0375,2091.41,9046,160,0.01769,13.07
2025-09-07,12532.17,171,4,4.18,73.29,0.0234,2425.2,9940,171,0.0172,14.18
2025-09-08,12280.89,175,5,3.87,70.18,0.0286,2285.89,9298,175,0.01882,13.06
2025-09-09,9228.87,139,0,3.65,66.39,0.0,2112.61,8024,139,0.01732,15.2
2025-09-10,14421.37,208,4,3.87,69.33,0.0192,2293.81,9331,208,0.02229,11.03
2025-09-11,12765.13,177,9,3.63,72.12,0.0508,1729.28,8420,177,0.02102,9.77
2025-09-12,11809.35,140,1,4.05,84.35,0.0071,1970.47,7585,140,0.01846,14.07
2025-09-13,17724.77,250,15,3.82,70.9,0.06,2878.03,11530,250,0.02168,11.51
2025-09-14,16436.99,228,9,3.5,72.09,0.0395,2902.67,9957,228,0.0229,12.73
2025-09-15,12085.64,170,5,3.56,71.09,0.0294,2495.02,8857,170,0.01919,14.68
2025-09-16,17038.85,226,5,3.88,75.39,0.0221,2585.14,9832,226,0.02299,11.44
2025-09-17,11676.15,169,5,3.78,69.09,0.0296,1560.93,8086,169,0.0209,9.24
2025-09-18,10938.41,158,7,4.11,69.23,0.0443,1867.96,8815,158,0.01792,11.82
2025-09-19,11773.16,172,9,3.8,68.45,0.0523,2091.11,9109,172,0.01888,12.16
2025-09-20,12463.94,190,6,3.69,65.6,0.0316,3221.47,10992,190,0.01729,16.96
2025-09-21,15650.710000000001,237,4,3.93,66.04,0.0169,2266.42,9555,237,0.0248,9.56
2025-09-22,13692.47,183,2,4.0,74.82,0.0109,2460.72,9285,183,0.01971,13.45
2025-09-23,10522.04,157,2,3.6,67.02,0.0127,2332.43,9336,157,0.01682,14.86
2025-09-24,11450.74,166,3,4.0,68.98,0.0181,2324.64,9257,166,0.01793,14.0
2025-09-25,13040.960000000001,169,3,3.78,77.17,0.0178,2191.76,8661,169,0.01951,12.97
2025-09-26,11445.83,148,4,4.0,77.34,0.027,1779.99,7973,148,0.01856,12.03
2025-09-27,12890.35,194,7,3.98,66.45,0.0361,1430.59,6790,194,0.02857,7.37
2025-09-28,17012.03,238,5,3.69,71.48,0.021,2824.64,11048,238,0.02154,11.87
2025-09-29,11038.41,160,3,3.83,68.99,0.0188,1984.23,8748,160,0.01829,12.4
2025-09-30,6893.52,106,3,3.84,65.03,0.0283,1546.51,6354,106,0.01668,14.59
2025-10-01,12554.47,169,4,3.61,74.29,0.0237,2573.29,10645,169,0.01588,15.23
2025-10-02,12614.84,197,3,3.74,64.03,0.0152,2566.58,10124,197,0.01946,13.03
2025-10-03,10899.81,154,4,3.73,70.78,0.026,2688.76,9826,154,0.01567,17.46
2025-10-04,18383.45,245,8,3.81,75.03,0.0327,3004.1,10794,245,0.0227,12.26
2025-10-05,12752.58,183,2,3.87,69.69,0.0109,2291.95,9644,183,0.01898,12.52
2025-10-06,12165.33,168,13,3.86,72.41,0.0774,2113.76,8737,168,0.01923,12.58
2025-10-07,12574.62,175,3,4.17,71.85,0.0171,2308.45,9187,175,0.01905,13.19
2025-10-08,15957.83,221,8,3.85,72.21,0.0362,2707.57,11444,221,0.01931,12.25
2025-10-09,12281.86,145,5,3.79,84.7,0.0345,1684.08,8702,145,0.01666,11.61
2025-10-10,14970.39,212,7,3.77,70.62,0.033,2464.87,11184,212,0.01896,11.63
2025-10-11,17492.85,230,8,3.65,76.06,0.0348,2939.84,11423,230,0.02013,12.78
2025-10-12,16560.24,217,5,3.77,76.31,0.023,2925.4,11608,217,0.01869,13.48
2025-10-13,13216.07,182,8,3.66,72.62,0.044,2668.0,9820,182,0.01853,14.66
2025-10-14,10071.5,139,6,3.79,72.46,0.0432,2792.05,10484,139,0.01326,20.09
2025-10-15,9321.57,149,7,3.84,62.56,0.047,1458.49,8002,149,0.01862,9.79
2025-10-16,17947.56,242,5,4.0,74.16,0.0207,2984.71,11323,242,0.02137,12.33
2025-10-17,16367.13,226,5,3.73,72.42,0.0221,2535.64,10068,226,0.02245,11.22
2025-10-18,15796.07,218,6,3.83,72.46,0.0275,3080.73,11766,218,0.01853,14.13
2025-10-19,17662.3,248,9,4.02,71.22,0.0363,2202.48,10076,248,0.02461,8.88
2025-10-20,11541.19,145,1,3.64,79.59,0.0069,1806.16,8529,145,0.017,12.46
2025-10-21,14841.460000000001,192,5,3.59,77.3,0.026,3045.23,10822,192,0.01774,15.86
2025-10-22,11721.29,152,4,3.68,77.11,0.0263,2095.72,8860,152,0.01716,13.79
2025-10-23,14022.99,192,8,3.77,73.04,0.0417,2311.2,10320,192,0.0186,12.04
2025-10-24,12415.79,183,3,3.86,67.85,0.0164,2604.61,10047,183,0.01821,14.23
2025-10-25,13007.46,191,3,3.8,68.1,0.0157,2884.11,11379,191,0.01679,15.1
2025-10-26,17024.58,237,7,3.77,71.83,0.0295,2991.05,11291,237,0.02099,12.62
2025-10-27,17497.94,210,8,3.79,83.32,0.0381,2498.19,10664,210,0.01969,11.9
2025-10-28,8805.09,133,5,3.7,66.2,0.0376,2050.99,7984,133,0.01666,15.42
2025-10-29,15989.67,228,10,3.59,70.13,0.0439,2667.32,10529,228,0.02165,11.7
2025-10-30,13492.34,186,3,3.74,72.54,0.0161,2672.89,9605,186,0.01936,14.37
2025-10-31,13760.71,171,5,4.09,80.47,0.0292,1784.74,8905,171,0.0192,10.44
2025-11-01,19501.03,271,8,3.76,71.96,0.0295,3704.14,13948,271,0.01943,13.67
2025-11-02,13868.33,205,13,3.86,67.65,0.0634,2337.12,10551,205,0.01943,11.4
2025-11-03,17152.53,230,9,3.73,74.58,0.0391,3332.05,13013,230,0.01767,14.49
2025-11-04,15796.3,225,6,3.59,70.21,0.0267,2748.06,11835,225,0.01901,12.21
2025-11-05,15900.38,233,13,4.09,68.24,0.0558,3216.93,12453,233,0.01871,13.81
2025-11-06,13095.11,194,5,3.92,67.5,0.0258,3148.57,12399,194,0.01565,16.23
2025-11-07,20882.27,280,5,3.84,74.58,0.0179,2957.01,12195,280,0.02296,10.56
2025-11-08,19189.04,285,8,3.91,67.33,0.0281,3365.48,14099,285,0.02021,11.81
2025-11-09,15331.87,223,2,3.95,68.75,0.009,3177.34,12846,223,0.01736,14.25
2025-11-10,22674.39,333,11,3.71,68.09,0.033,3219.88,13205,333,0.02522,9.67
2025-11-11,19753.26,270,9,3.9,73.16,0.0333,3734.85,13553,270,0.01992,13.83
2025-11-12,18165.41,243,10,3.76,74.75,0.0412,2500.57,12008,243,0.02024,10.29
2025-11-13,16023.84,244,3,3.84,65.67,0.0123,1854.15,9861,244,0.02474,7.6
2025-11-14,15128.1,259,12,3.93,58.41,0.0463,2824.51,11446,259,0.02263,10.91
2025-11-15,15660.13,235,10,3.94,66.64,0.0426,3038.19,12112,235,0.0194,12.93
2025-11-16,17625.2,252,7,3.7,69.94,0.0278,3075.45,12821,252,0.01966,12.2
2025-11-17,12804.77,193,7,3.77,66.35,0.0363,2645.75,11031,193,0.0175,13.71
2025-11-18,15578.01,227,7,3.76,68.63,0.0308,3275.35,13545,227,0.01676,14.43
2025-11-19,16127.23,222,8,3.77,72.65,0.036,2486.53,10681,222,0.02078,11.2
2025-11-20,17999.88,245,6,3.88,73.47,0.0245,3127.77,12008,245,0.0204,12.77
2025-11-21,16641.36,252,5,3.71,66.04,0.0198,3193.46,12896,252,0.01954,12.67
2025-11-22,18888.54,290,8,3.84,65.13,0.0276,3318.36,14014,290,0.02069,11.44
2025-11-23,23690.38,330,13,3.85,71.79,0.0394,3378.1,13855,330,0.02382,10.24
2025-11-24,15705.98,230,5,3.77,68.29,0.0217,3302.24,13389,230,0.01718,14.36
2025-11-25,19605.01,290,9,3.77,67.6,0.031,2988.75,12110,290,0.02395,10.31
2025-11-26,15221.87,216,6,3.85,70.47,0.0278,2848.73,11852,216,0.01822,13.19
2025-11-27,21321.2,257,12,3.72,82.96,0.0467,3140.23,13653,257,0.01882,12.22
2025-11-28,18294.76,260,6,3.82,70.36,0.0231,3180.13,13536,260,0.01921,12.23
2025-11-29,20013.62,276,13,3.7,72.51,0.0471,3518.99,14113,276,0.01956,12.75
2025-11-30,17008.93,255,12,3.88,66.7,0.0471,2608.26,12618,255,0.02021,10.23
2025-12-01,23961.91,273,14,4.97,87.77,0.0513,2905.76,12516,273,0.02181,10.64
2025-12-02,23752.43,255,8,4.99,93.15,0.0314,2597.12,10690,255,0.02385,10.18
2025-12-03,23216.01,254,4,4.77,91.4,0.0157,3166.34,12472,254,0.02037,12.47
2025-12-04,28301.44,290,10,4.69,97.59,0.0345,3224.35,13504,290,0.02148,11.12
2025-12-05,26978.09,273,10,5.01,98.82,0.0366,2873.96,12372,273,0.02207,10.53
2025-12-06,29422.31,321,11,4.88,91.66,0.0343,2952.36,12569,321,0.02554,9.2
2025-12-07,32603.56,362,9,4.78,90.07,0.0249,3416.54,14395,362,0.02515,9.44
2025-12-08,21746.21,240,8,4.78,90.61,0.0333,2923.37,12255,240,0.01958,12.18
2025-12-09,25057.86,265,7,4.68,94.56,0.0264,3469.26,13524,265,0.01959,13.09
2025-12-10,28867.2,313,7,4.69,92.23,0.0224,3590.53,13526,313,0.02314,11.47
2025-12-11,23794.07,256,10,4.81,92.95,0.0391,3320.25,13113,256,0.01952,12.97
2025-12-12,25123.84,277,4,4.6,90.7,0.0144,3051.43,12645,277,0.02191,11.02
2025-12-13,31492.31,336,10,5.02,93.73,0.0298,3846.55,15086,336,0.02227,11.45
2025-12-14,42341.25,412,11,4.77,102.77,0.0267,3291.85,14110,412,0.0292,7.99
2025-12-15,21615.65,227,4,4.82,95.22,0.0176,2802.28,11533,227,0.01968,12.34
2025-12-16,19308.1,197,6,4.59,98.01,0.0305,2733.63,11887,197,0.01657,13.88
2025-12-17,23172.88,250,7,4.62,92.69,0.028,2723.77,12417,250,0.02013,10.9
2025-12-18,22223.84,243,5,4.7,91.46,0.0206,2967.77,12039,243,0.02018,12.21
2025-12-19,22203.49,247,6,4.83,89.89,0.0243,3132.08,11645,247,0.02121,12.68
2025-12-20,21036.09,211,8,4.92,99.7,0.0379,2712.3,11606,211,0.01818,12.85
2025-12-21,21108.18,241,8,4.72,87.59,0.0332,3050.48,12290,241,0.01961,12.66
2025-12-22,20342.99,223,10,4.81,91.22,0.0448,3044.5,11989,223,0.0186,13.65
2025-12-23,25758.29,280,10,4.69,91.99,0.0357,3195.27,12103,280,0.02313,11.41
2025-12-24,27131.71,275,8,4.91,98.66,0.0291,2960.93,12723,275,0.02161,10.77
2025-12-25,28280.14,289,6,4.82,97.86,0.0208,3055.58,12119,289,0.02385,10.57
2025-12-26,23675.38,262,8,4.63,90.36,0.0305,2536.52,12056,262,0.02173,9.68
2025-12-27,27977.81,309,7,4.93,90.54,0.0227,2888.47,11808,309,0.02617,9.35
2025-12-28,25522.8,279,3,4.8,91.48,0.0108,3186.3,12840,279,0.02173,11.42
2025-12-29,33198.79,344,9,4.98,96.51,0.0262,3148.69,12525,344,0.02747,9.15
2025-12-30,24591.52,267,8,4.79,92.1,0.03,3050.96,12763,267,0.02092,11.43
2025-12-31,22284.68,245,8,4.8,90.96,0.0327,2672.91,12244,245,0.02001,10.91
